"source_system;client_id;snapshot_ts;invoice_internal_id;document_number;customer_id;invoice_date;due_date;document_type;document_status;payment_terms;currency;exchange_rate;subsidiary_id;amount_total;amount_paid;open_balance"
"netsuite;vonderk;2026-07-20 14:23;351127;2509180377-SP;;10/11/2026;10/12/2026;Factura;Abierta;PLAZO 30 DIAS;US Dollar;1510.00;3;26989740.00;.00;26989740.00"
"netsuite;vonderk;2026-07-20 14:23;362905;MEX-9900022520;4069;20/07/2026;27/07/2026;Factura de venta;Abierta;PLAZO 7 DIAS;Peso Argentino;1.00;11;84000.00;.00;84000.00"
"netsuite;vonderk;2026-07-20 14:23;362912;FC A-00006-06505722;;20/07/2026;19/08/2026;Factura;Abierta;PLAZO 30 DIAS;Peso Argentino;1.00;3;1104414.21;.00;1104414.21"
"netsuite;vonderk;2026-07-20 14:23;362913;MEX-9900022523;3898;20/07/2026;27/07/2026;Factura de venta;Abierta;PLAZO 7 DIAS;Peso Argentino;1.00;11;1521480.00;.00;1521480.00"
"netsuite;vonderk;2026-07-20 14:23;362919;MEX-9900022524;3979;20/07/2026;27/07/2026;Factura de venta;Abierta;PLAZO 7 DIAS;Peso Argentino;1.00;11;1745625.00;.00;1745625.00"
"netsuite;vonderk;2026-07-20 14:23;362922;MEX-9900022525;4069;20/07/2026;27/07/2026;Factura de venta;Abierta;PLAZO 7 DIAS;Peso Argentino;1.00;11;59580.00;.00;59580.00"
"netsuite;vonderk;2026-07-20 14:23;362924;MEX-9900022526;3964;20/07/2026;27/07/2026;Factura de venta;Abierta;PLAZO 7 DIAS;Peso Argentino;1.00;11;678600.00;.00;678600.00"
"netsuite;vonderk;2026-07-20 14:23;362927;MEX-9900022527;4069;20/07/2026;27/07/2026;Factura de venta;Abierta;PLAZO 7 DIAS;Peso Argentino;1.00;11;1043325.00;.00;1043325.00"
"netsuite;vonderk;2026-07-20 14:23;362928;MEX-9900022528;13600;20/07/2026;27/07/2026;Factura de venta;Abierta;PLAZO 7 DIAS;Peso Argentino;1.00;11;704730.00;.00;704730.00"
"netsuite;vonderk;2026-07-20 14:23;362930;MEX-9900022529;3811;20/07/2026;27/07/2026;Factura de venta;Abierta;PLAZO 7 DIAS;Peso Argentino;1.00;11;263220.00;.00;263220.00"
"netsuite;vonderk;2026-07-20 14:23;362931;MEX-9900022530;3640;20/07/2026;27/07/2026;Factura de venta;Abierta;PLAZO 7 DIAS;Peso Argentino;1.00;11;674625.00;.00;674625.00"
"netsuite;vonderk;2026-07-20 14:23;362934;MEX-9900022531;13716;20/07/2026;27/07/2026;Factura de venta;Abierta;PLAZO 7 DIAS;Peso Argentino;1.00;11;25020.00;.00;25020.00"
"netsuite;vonderk;2026-07-20 14:23;362938;FC A-00007-00048933;4075;20/07/2026;18/09/2026;Factura de venta;Abierta;PLAZO 60 DIAS;Peso Argentino;1.00;3;266805.00;.00;266805.00"
"netsuite;vonderk;2026-07-20 14:23;362940;FC A-00007-00048934;3674;20/07/2026;19/08/2026;Factura de venta;Abierta;PLAZO 30 DIAS;Peso Argentino;1.00;3;9392562.90;.00;9392562.90"
"netsuite;vonderk;2026-07-20 14:23;362941;FC A-00007-00048935;13609;20/07/2026;18/09/2026;Factura de venta;Abierta;PLAZO 60 DIAS;Peso Argentino;1.00;3;1802682.00;.00;1802682.00"
"netsuite;vonderk;2026-07-20 14:23;362943;FC A-00007-00048936;3813;20/07/2026;18/09/2026;Factura de venta;Abierta;PLAZO 60 DIAS;Peso Argentino;1.00;3;3460967.61;.00;3460967.61"
"netsuite;vonderk;2026-07-20 14:23;362944;FC A-00007-00048937;3813;20/07/2026;18/09/2026;Factura de venta;Abierta;PLAZO 60 DIAS;Peso Argentino;1.00;3;1244164.09;.00;1244164.09"
"netsuite;vonderk;2026-07-20 14:23;362946;FC A-00007-00048938;3813;20/07/2026;18/09/2026;Factura de venta;Abierta;PLAZO 60 DIAS;Peso Argentino;1.00;3;574520.10;.00;574520.10"
"netsuite;vonderk;2026-07-20 14:23;362948;FC A-00007-00048939;3712;20/07/2026;19/08/2026;Factura de venta;Abierta;PLAZO 30 DIAS;Peso Argentino;1.00;3;1042251.30;.00;1042251.30"
"netsuite;vonderk;2026-07-20 14:23;362950;FC A-00007-00048940;3746;20/07/2026;19/08/2026;Factura de venta;Abierta;PLAZO 30 DIAS;Peso Argentino;1.00;3;66528.00;.00;66528.00"
"netsuite;vonderk;2026-07-20 14:23;362951;FC A-00007-00048941;3811;20/07/2026;19/08/2026;Factura de venta;Abierta;PLAZO 30 DIAS;Peso Argentino;1.00;3;125598.00;.00;125598.00"
"netsuite;vonderk;2026-07-20 14:23;362953;FC A-00007-00048942;3825;20/07/2026;19/08/2026;Factura de venta;Abierta;PLAZO 30 DIAS;Peso Argentino;1.00;3;581526.00;.00;581526.00"
"netsuite;vonderk;2026-07-20 14:23;362954;FC A-00007-00048943;3979;20/07/2026;18/09/2026;Factura de venta;Abierta;PLAZO 60 DIAS;Peso Argentino;1.00;3;1509861.83;.00;1509861.83"
"netsuite;vonderk;2026-07-20 14:23;362955;FC A-00007-00048944;3816;20/07/2026;19/08/2026;Factura de venta;Abierta;PLAZO 30 DIAS;Peso Argentino;1.00;3;414763.80;.00;414763.80"
"netsuite;vonderk;2026-07-20 14:23;362956;FC A-00007-00048945;3727;20/07/2026;19/08/2026;Factura de venta;Abierta;PLAZO 30 DIAS;Peso Argentino;1.00;3;791557.80;.00;791557.80"
"netsuite;vonderk;2026-07-20 14:23;362957;FC A-00007-00048946;13734;20/07/2026;19/08/2026;Factura de venta;Abierta;PLAZO 30 DIAS;Peso Argentino;1.00;3;681487.50;.00;681487.50"
"netsuite;vonderk;2026-07-20 14:23;362958;FC A-00007-00048947;3937;20/07/2026;19/08/2026;Factura de venta;Abierta;PLAZO 30 DIAS;Peso Argentino;1.00;3;451390.50;.00;451390.50"
"netsuite;vonderk;2026-07-20 14:23;362959;FC A-00007-00048948;3710;20/07/2026;19/08/2026;Factura de venta;Abierta;PLAZO 30 DIAS;Peso Argentino;1.00;3;1550967.90;.00;1550967.90"
"netsuite;vonderk;2026-07-20 14:23;363060;FC A-00007-00048949;3941;20/07/2026;19/08/2026;Factura de venta;Abierta;PLAZO 30 DIAS;Peso Argentino;1.00;3;1428677.25;.00;1428677.25"
"netsuite;vonderk;2026-07-20 14:23;363075;FC A-00007-00048950;14043;20/07/2026;19/08/2026;Factura de venta;Abierta;PLAZO 30 DIAS;Peso Argentino;1.00;3;549493.20;.00;549493.20"
"netsuite;vonderk;2026-07-20 14:23;363077;FC A-00007-00048951;3694;20/07/2026;19/08/2026;Factura de venta;Abierta;PLAZO 30 DIAS;Peso Argentino;1.00;3;3978923.10;.00;3978923.10"
"netsuite;vonderk;2026-07-20 14:23;363081;FC A-00007-00048952;4075;20/07/2026;18/09/2026;Factura de venta;Abierta;PLAZO 60 DIAS;Peso Argentino;1.00;3;1351172.55;.00;1351172.55"
"netsuite;vonderk;2026-07-20 14:23;363084;FC A-00007-00048953;4075;20/07/2026;18/09/2026;Factura de venta;Abierta;PLAZO 60 DIAS;Peso Argentino;1.00;3;590706.45;.00;590706.45"
"netsuite;vonderk;2026-07-20 14:23;363085;FC A-00007-00048954;4157;20/07/2026;19/08/2026;Factura de venta;Abierta;PLAZO 30 DIAS;Peso Argentino;1.00;3;6705874.80;.00;6705874.80"
"netsuite;vonderk;2026-07-20 14:23;363088;FC A-00007-00048955;3773;20/07/2026;27/07/2026;Factura de venta;Abierta;PLAZO 7 DIAS;Peso Argentino;1.00;3;1043053.20;.00;1043053.20"
"netsuite;vonderk;2026-07-20 14:23;363090;FC A-00007-00048956;3807;20/07/2026;19/08/2026;Factura de venta;Abierta;PLAZO 30 DIAS;Peso Argentino;1.00;3;1814400.00;.00;1814400.00"
"netsuite;vonderk;2026-07-20 14:23;363093;FC A-00007-00048957;13609;20/07/2026;18/09/2026;Factura de venta;Abierta;PLAZO 60 DIAS;Peso Argentino;1.00;3;1539934.20;.00;1539934.20"
"netsuite;vonderk;2026-07-20 14:23;363097;FC A-00007-00048958;3851;20/07/2026;19/08/2026;Factura de venta;Abierta;PLAZO 30 DIAS;Peso Argentino;1.00;3;2128087.50;.00;2128087.50"
"netsuite;vonderk;2026-07-20 14:23;363102;FC A-00007-00048959;3878;20/07/2026;19/08/2026;Factura de venta;Abierta;PLAZO 30 DIAS;Peso Argentino;1.00;3;682500.00;.00;682500.00"
"netsuite;vonderk;2026-07-20 14:23;363108;FC A-00007-00048960;3868;20/07/2026;18/09/2026;Factura de venta;Abierta;PLAZO 60 DIAS;Peso Argentino;1.00;3;893917.65;.00;893917.65"
"netsuite;vonderk;2026-07-20 14:23;363115;FC A-00007-00048961;13716;20/07/2026;19/08/2026;Factura de venta;Abierta;PLAZO 30 DIAS;Peso Argentino;1.00;3;1867260.60;.00;1867260.60"
"netsuite;vonderk;2026-07-20 14:23;363120;FC A-00007-00048962;13716;20/07/2026;19/08/2026;Factura de venta;Abierta;PLAZO 30 DIAS;Peso Argentino;1.00;3;98124.00;.00;98124.00"
"netsuite;vonderk;2026-07-20 14:23;363485;FC A-00003-00072271;;20/07/2026;19/08/2026;Factura;Abierta;PLAZO 30 DIAS;Peso Argentino;1.00;3;962719.56;.00;962719.56"
"netsuite;vonderk;2026-07-20 14:23;363524;FC E-00009-00000067;13893;20/07/2026;19/08/2026;Factura de venta;Abierta;PLAZO 30 DIAS;US Dollar;1500.00;3;6670770.00;.00;6670770.00"
"netsuite;vonderk;2026-07-20 14:23;363791;E-FACTURA EXPORTACION A51;13888;20/07/2026;19/08/2026;Factura de venta;Abierta;PLAZO 30 DIAS;US Dollar;40.245;10;9995686.49;.00;9995686.49"
"netsuite;vonderk;2026-07-20 14:23;363133;FC A-01678-00073210;;18/07/2026;17/08/2026;Factura;Abierta;PLAZO 30 DIAS;Peso Argentino;1.00;3;666138.91;.00;666138.91"
"netsuite;vonderk;2026-07-20 14:23;361385;MEX-9900022514;3640;17/07/2026;24/07/2026;Factura de venta;Abierta;PLAZO 7 DIAS;Peso Argentino;1.00;11;471104.40;.00;471104.40"
"netsuite;vonderk;2026-07-20 14:23;361386;MEX-9900022515;13943;17/07/2026;24/07/2026;Factura de venta;Abierta;PLAZO 7 DIAS;Peso Argentino;1.00;11;484380.00;.00;484380.00"
"netsuite;vonderk;2026-07-20 14:23;361387;MEX-9900022516;3647;17/07/2026;24/07/2026;Factura de venta;Abierta;PLAZO 7 DIAS;Peso Argentino;1.00;11;106593.50;.00;106593.50"
"netsuite;vonderk;2026-07-20 14:23;361388;MEX-9900022517;3949;17/07/2026;24/07/2026;Factura de venta;Abierta;PLAZO 7 DIAS;Peso Argentino;1.00;11;965770.00;.00;965770.00"
"netsuite;vonderk;2026-07-20 14:23;361389;MEX-9900022518;3811;17/07/2026;24/07/2026;Factura de venta;Abierta;PLAZO 7 DIAS;Peso Argentino;1.00;11;624611.00;.00;624611.00"
"netsuite;vonderk;2026-07-20 14:23;361390;FC A-00007-00048905;3776;17/07/2026;24/07/2026;Factura de venta;Abierta;PLAZO 7 DIAS;Peso Argentino;1.00;3;3408061.80;.00;3408061.80"
"netsuite;vonderk;2026-07-20 14:23;361391;FC A-00007-00048906;4047;17/07/2026;16/08/2026;Factura de venta;Abierta;PLAZO 30 DIAS;Peso Argentino;1.00;3;371250.81;.00;371250.81"
"netsuite;vonderk;2026-07-20 14:23;361392;FC A-00007-00048907;4075;17/07/2026;15/09/2026;Factura de venta;Abierta;PLAZO 60 DIAS;Peso Argentino;1.00;3;398873.48;.00;398873.48"
"netsuite;vonderk;2026-07-20 14:23;361393;FC A-00007-00048908;3808;17/07/2026;16/08/2026;Factura de venta;Abierta;PLAZO 30 DIAS;Peso Argentino;1.00;3;1643603.60;.00;1643603.60"
"netsuite;vonderk;2026-07-20 14:23;361395;FC A-00007-00048909;3811;17/07/2026;16/08/2026;Factura de venta;Abierta;PLAZO 30 DIAS;Peso Argentino;1.00;3;159187.60;.00;159187.60"
"netsuite;vonderk;2026-07-20 14:23;361396;FC A-00007-00048910;3979;17/07/2026;15/09/2026;Factura de venta;Abierta;PLAZO 60 DIAS;Peso Argentino;1.00;3;1583518.58;.00;1583518.58"
"netsuite;vonderk;2026-07-20 14:23;361397;FC A-00007-00048911;3780;17/07/2026;16/08/2026;Factura de venta;Abierta;PLAZO 30 DIAS;Peso Argentino;1.00;3;401239.31;.00;401239.31"
"netsuite;vonderk;2026-07-20 14:23;361398;FC A-00007-00048912;3778;17/07/2026;16/08/2026;Factura de venta;Abierta;PLAZO 30 DIAS;Peso Argentino;1.00;3;839091.70;.00;839091.70"
"netsuite;vonderk;2026-07-20 14:23;361399;FC A-00007-00048913;3712;17/07/2026;16/08/2026;Factura de venta;Abierta;PLAZO 30 DIAS;Peso Argentino;1.00;3;1563288.01;.00;1563288.01"
"netsuite;vonderk;2026-07-20 14:23;361400;FC A-00007-00048914;3750;17/07/2026;16/08/2026;Factura de venta;Abierta;PLAZO 30 DIAS;Peso Argentino;1.00;3;1287285.00;.00;1287285.00"
"netsuite;vonderk;2026-07-20 14:23;361401;FC A-00007-00048915;3750;17/07/2026;16/08/2026;Factura de venta;Abierta;PLAZO 30 DIAS;Peso Argentino;1.00;3;265915.65;.00;265915.65"
"netsuite;vonderk;2026-07-20 14:23;361402;FC A-00007-00048916;3825;17/07/2026;16/08/2026;Factura de venta;Abierta;PLAZO 30 DIAS;Peso Argentino;1.00;3;575173.74;.00;575173.74"
"netsuite;vonderk;2026-07-20 14:23;361417;FC A-00007-00048918;3787;17/07/2026;16/08/2026;Factura de venta;Abierta;PLAZO 30 DIAS;Peso Argentino;1.00;3;3632668.36;.00;3632668.36"
"netsuite;vonderk;2026-07-20 14:23;361420;FC A-00007-00048919;3883;17/07/2026;16/08/2026;Factura de venta;Abierta;PLAZO 30 DIAS;Peso Argentino;1.00;3;572079.70;.00;572079.70"
"netsuite;vonderk;2026-07-20 14:23;361422;FC A-00007-00048920;3767;17/07/2026;15/09/2026;Factura de venta;Abierta;PLAZO 60 DIAS;Peso Argentino;1.00;3;441338.66;.00;441338.66"
"netsuite;vonderk;2026-07-20 14:23;361424;FC A-00007-00048921;3769;17/07/2026;15/09/2026;Factura de venta;Abierta;PLAZO 60 DIAS;Peso Argentino;1.00;3;939568.63;.00;939568.63"
"netsuite;vonderk;2026-07-20 14:23;361526;FC A-00007-00048922;4075;17/07/2026;15/09/2026;Factura de venta;Abierta;PLAZO 60 DIAS;Peso Argentino;1.00;3;127530.98;.00;127530.98"
"netsuite;vonderk;2026-07-20 14:23;361532;FC A-00007-00048923;3779;17/07/2026;16/08/2026;Factura de venta;Abierta;PLAZO 30 DIAS;Peso Argentino;1.00;3;944886.94;.00;944886.94"
"netsuite;vonderk;2026-07-20 14:23;361548;FC A-00007-00048925;3720;17/07/2026;16/08/2026;Factura de venta;Abierta;PLAZO 30 DIAS;Peso Argentino;1.00;3;172672.50;.00;172672.50"
"netsuite;vonderk;2026-07-20 14:23;361550;FC A-00007-00048926;3720;17/07/2026;16/08/2026;Factura de venta;Abierta;PLAZO 30 DIAS;Peso Argentino;1.00;3;404490.94;.00;404490.94"
"netsuite;vonderk;2026-07-20 14:23;361551;FC A-00007-00048927;3979;17/07/2026;15/09/2026;Factura de venta;Abierta;PLAZO 60 DIAS;Peso Argentino;1.00;3;175675.33;.00;175675.33"
"netsuite;vonderk;2026-07-20 14:23;361556;FC A-00007-00048928;3776;17/07/2026;24/07/2026;Factura de venta;Abierta;PLAZO 7 DIAS;Peso Argentino;1.00;3;110707.74;.00;110707.74"
"netsuite;vonderk;2026-07-20 14:23;361559;FC A-00007-00048929;3976;17/07/2026;16/08/2026;Factura de venta;Abierta;PLAZO 30 DIAS;Peso Argentino;1.00;3;562221.66;.00;562221.66"
"netsuite;vonderk;2026-07-20 14:23;361561;FC A-00007-00048930;4047;17/07/2026;16/08/2026;Factura de venta;Abierta;PLAZO 30 DIAS;Peso Argentino;1.00;3;520977.60;.00;520977.60"
"netsuite;vonderk;2026-07-20 14:23;361566;FC A-00007-00048931;3647;17/07/2026;16/08/2026;Factura de venta;Abierta;PLAZO 30 DIAS;Peso Argentino;1.00;3;629395.00;.00;629395.00"
"netsuite;vonderk;2026-07-20 14:23;361569;FC A-00007-00048932;3931;17/07/2026;15/09/2026;Factura de venta;Abierta;PLAZO 60 DIAS;Peso Argentino;1.00;3;278578.30;.00;278578.30"
"netsuite;vonderk;2026-07-20 14:23;361888;FC A-00002-00137522;;17/07/2026;15/09/2026;Factura;Abierta;PLAZO 60 DIAS;Peso Argentino;1.00;3;2633337.85;.00;2633337.85"
"netsuite;vonderk;2026-07-20 14:23;362000;FC A-00002-00137538;;17/07/2026;15/09/2026;Factura;Abierta;PLAZO 60 DIAS;Peso Argentino;1.00;3;8538916.75;.00;8538916.75"
"netsuite;vonderk;2026-07-20 14:23;363138;FC A-00006-00056433;;17/07/2026;16/08/2026;Factura;Abierta;PLAZO 30 DIAS;Peso Argentino;1.00;3;185777.22;.00;185777.22"
"netsuite;vonderk;2026-07-20 14:23;363142;FC A-00564-00082828;;17/07/2026;16/08/2026;Factura;Abierta;PLAZO 30 DIAS;Peso Argentino;1.00;3;306746.70;.00;306746.70"
"netsuite;vonderk;2026-07-20 14:23;363154;FC A-00002-00000302;;17/07/2026;16/08/2026;Factura;Abierta;PLAZO 30 DIAS;Peso Argentino;1.00;3;506786.76;.00;506786.76"
"netsuite;vonderk;2026-07-20 14:23;360222;MEX-9900022499;3720;16/07/2026;23/07/2026;Factura de venta;Abierta;PLAZO 7 DIAS;Peso Argentino;1.00;11;43639.05;.00;43639.05"
"netsuite;vonderk;2026-07-20 14:23;360223;MEX-9900022500;3720;16/07/2026;23/07/2026;Factura de venta;Abierta;PLAZO 7 DIAS;Peso Argentino;1.00;11;3408.60;.00;3408.60"
"netsuite;vonderk;2026-07-20 14:23;360224;MEX-9900022501;4100;16/07/2026;23/07/2026;Factura de venta;Abierta;PLAZO 7 DIAS;Peso Argentino;1.00;11;66736.80;.00;66736.80"
"netsuite;vonderk;2026-07-20 14:23;360226;MEX-9900022502;3846;16/07/2026;23/07/2026;Factura de venta;Abierta;PLAZO 7 DIAS;Peso Argentino;1.00;11;206504.35;.00;206504.35"
"netsuite;vonderk;2026-07-20 14:23;360227;MEX-9900022503;3874;16/07/2026;23/07/2026;Factura de venta;Abierta;PLAZO 7 DIAS;Peso Argentino;1.00;11;992321.20;.00;992321.20"
"netsuite;vonderk;2026-07-20 14:23;360229;MEX-9900022504;4100;16/07/2026;23/07/2026;Factura de venta;Abierta;PLAZO 7 DIAS;Peso Argentino;1.00;11;183077.70;.00;183077.70"
"netsuite;vonderk;2026-07-20 14:23;360230;MEX-9900022505;4100;16/07/2026;23/07/2026;Factura de venta;Abierta;PLAZO 7 DIAS;Peso Argentino;1.00;11;511738.50;.00;511738.50"
"netsuite;vonderk;2026-07-20 14:23;360232;MEX-9900022506;3854;16/07/2026;23/07/2026;Factura de venta;Abierta;PLAZO 7 DIAS;Peso Argentino;1.00;11;1665430.00;.00;1665430.00"
"netsuite;vonderk;2026-07-20 14:23;360233;MEX-9900022507;3764;16/07/2026;23/07/2026;Factura de venta;Abierta;PLAZO 7 DIAS;Peso Argentino;1.00;11;1806707.50;.00;1806707.50"
"netsuite;vonderk;2026-07-20 14:23;360237;MEX-9900022509;3811;16/07/2026;23/07/2026;Factura de venta;Abierta;PLAZO 7 DIAS;Peso Argentino;1.00;11;1566760.00;.00;1566760.00"
"netsuite;vonderk;2026-07-20 14:23;360238;MEX-9900022510;3924;16/07/2026;23/07/2026;Factura de venta;Abierta;PLAZO 7 DIAS;Peso Argentino;1.00;11;1182604.80;.00;1182604.80"
"netsuite;vonderk;2026-07-20 14:23;360242;MEX-9900022511;3847;16/07/2026;23/07/2026;Factura de venta;Abierta;PLAZO 7 DIAS;Peso Argentino;1.00;11;451370.40;.00;451370.40"
"netsuite;vonderk;2026-07-20 14:23;360244;FC A-00007-00048870;3769;16/07/2026;14/09/2026;Factura de venta;Abierta;PLAZO 60 DIAS;Peso Argentino;1.00;3;706214.08;.00;706214.08"
"netsuite;vonderk;2026-07-20 14:23;360245;FC A-00007-00048871;3857;16/07/2026;15/08/2026;Factura de venta;Abierta;PLAZO 30 DIAS;Peso Argentino;1.00;3;51707.57;.00;51707.57"
"netsuite;vonderk;2026-07-20 14:23;360247;FC A-00007-00048872;3813;16/07/2026;15/08/2026;Factura de venta;Abierta;PLAZO 30 DIAS;Peso Argentino;1.00;3;250720.47;.00;250720.47"
"netsuite;vonderk;2026-07-20 14:23;360248;FC A-00007-00048873;3671;16/07/2026;15/08/2026;Factura de venta;Abierta;PLAZO 30 DIAS;Peso Argentino;1.00;3;593365.50;.00;593365.50"
"netsuite;vonderk;2026-07-20 14:23;360249;FC A-00007-00048874;3767;16/07/2026;14/09/2026;Factura de venta;Abierta;PLAZO 60 DIAS;Peso Argentino;1.00;3;1200535.10;.00;1200535.10"
"netsuite;vonderk;2026-07-20 14:23;360251;FC A-00007-00048875;13609;16/07/2026;14/09/2026;Factura de venta;Abierta;PLAZO 60 DIAS;Peso Argentino;1.00;3;4477460.72;.00;4477460.72"
"netsuite;vonderk;2026-07-20 14:23;360252;FC A-00007-00048876;3857;16/07/2026;15/08/2026;Factura de venta;Abierta;PLAZO 30 DIAS;Peso Argentino;1.00;3;1388443.89;.00;1388443.89"
"netsuite;vonderk;2026-07-20 14:23;360253;FC A-00007-00048877;3868;16/07/2026;14/09/2026;Factura de venta;Abierta;PLAZO 60 DIAS;Peso Argentino;1.00;3;997274.14;.00;997274.14"
"netsuite;vonderk;2026-07-20 14:23;360256;FC A-00007-00048878;3878;16/07/2026;15/08/2026;Factura de venta;Abierta;PLAZO 30 DIAS;Peso Argentino;1.00;3;1097284.26;.00;1097284.26"
"netsuite;vonderk;2026-07-20 14:23;360257;FC A-00007-00048879;3878;16/07/2026;15/08/2026;Factura de venta;Abierta;PLAZO 30 DIAS;Peso Argentino;1.00;3;661425.38;.00;661425.38"
"netsuite;vonderk;2026-07-20 14:23;360260;FC A-00007-00048880;3878;16/07/2026;15/08/2026;Factura de venta;Abierta;PLAZO 30 DIAS;Peso Argentino;1.00;3;157199.25;.00;157199.25"
"netsuite;vonderk;2026-07-20 14:23;360262;FC A-00007-00048881;13828;16/07/2026;23/07/2026;Factura de venta;Abierta;PLAZO 7 DIAS;Peso Argentino;1.00;3;269091.03;.00;269091.03"
"netsuite;vonderk;2026-07-20 14:23;360263;FC A-00007-00048882;3746;16/07/2026;15/08/2026;Factura de venta;Abierta;PLAZO 30 DIAS;Peso Argentino;1.00;3;306101.26;.00;306101.26"
"netsuite;vonderk;2026-07-20 14:23;360265;FC A-00007-00048883;3815;16/07/2026;15/08/2026;Factura de venta;Abierta;PLAZO 30 DIAS;Peso Argentino;1.00;3;1298102.52;.00;1298102.52"
"netsuite;vonderk;2026-07-20 14:23;360271;FC A-00007-00048887;3783;16/07/2026;23/07/2026;Factura de venta;Abierta;PLAZO 7 DIAS;Peso Argentino;1.00;3;684710.00;.00;684710.00"
"netsuite;vonderk;2026-07-20 14:23;360272;FC A-00007-00048888;14001;16/07/2026;15/08/2026;Factura de venta;Abierta;PLAZO 30 DIAS;Peso Argentino;1.00;3;382142.34;.00;382142.34"
"netsuite;vonderk;2026-07-20 14:23;360274;FC A-00007-00048889;3746;16/07/2026;15/08/2026;Factura de venta;Abierta;PLAZO 30 DIAS;Peso Argentino;1.00;3;1457041.96;.00;1457041.96"
"netsuite;vonderk;2026-07-20 14:23;360275;FC A-00007-00048890;3941;16/07/2026;15/08/2026;Factura de venta;Abierta;PLAZO 30 DIAS;Peso Argentino;1.00;3;2070994.50;.00;2070994.50"
"netsuite;vonderk;2026-07-20 14:23;360277;FC A-00007-00048891;3643;16/07/2026;15/08/2026;Factura de venta;Abierta;PLAZO 30 DIAS;Peso Argentino;1.00;3;613510.63;.00;613510.63"
"netsuite;vonderk;2026-07-20 14:23;360279;FC A-00007-00048892;3727;16/07/2026;15/08/2026;Factura de venta;Abierta;PLAZO 30 DIAS;Peso Argentino;1.00;3;1540592.27;.00;1540592.27"
"netsuite;vonderk;2026-07-20 14:23;360281;FC A-00007-00048893;3643;16/07/2026;15/08/2026;Factura de venta;Abierta;PLAZO 30 DIAS;Peso Argentino;1.00;3;783137.06;.00;783137.06"
"netsuite;vonderk;2026-07-20 14:23;360285;FC A-00007-00048894;3720;16/07/2026;15/08/2026;Factura de venta;Abierta;PLAZO 30 DIAS;Peso Argentino;1.00;3;505590.32;.00;505590.32"
"netsuite;vonderk;2026-07-20 14:23;360286;FC A-00007-00048895;3811;16/07/2026;15/08/2026;Factura de venta;Abierta;PLAZO 30 DIAS;Peso Argentino;1.00;3;520977.60;.00;520977.60"
"netsuite;vonderk;2026-07-20 14:23;360298;FC A-00007-00048896;3889;16/07/2026;15/08/2026;Factura de venta;Abierta;PLAZO 30 DIAS;Peso Argentino;1.00;3;667936.70;.00;667936.70"
"netsuite;vonderk;2026-07-20 14:23;360299;FC A-00007-00048897;3932;16/07/2026;14/09/2026;Factura de venta;Abierta;PLAZO 60 DIAS;Peso Argentino;1.00;3;851254.20;.00;851254.20"
"netsuite;vonderk;2026-07-20 14:23;360300;FC A-00007-00048898;3906;16/07/2026;15/08/2026;Factura de venta;Abierta;PLAZO 30 DIAS;Peso Argentino;1.00;3;2078009.04;.00;2078009.04"
"netsuite;vonderk;2026-07-20 14:23;360301;FC A-00007-00048899;13968;16/07/2026;15/08/2026;Factura de venta;Abierta;PLAZO 30 DIAS;Peso Argentino;1.00;3;126626.50;.00;126626.50"
"netsuite;vonderk;2026-07-20 14:23;360302;FC A-00007-00048900;3951;16/07/2026;14/09/2026;Factura de venta;Abierta;PLAZO 60 DIAS;Peso Argentino;1.00;3;505615.43;.00;505615.43"
"netsuite;vonderk;2026-07-20 14:23;360307;FC A-00007-00048901;3852;16/07/2026;15/08/2026;Factura de venta;Abierta;PLAZO 30 DIAS;Peso Argentino;1.00;3;183200.89;.00;183200.89"
"netsuite;vonderk;2026-07-20 14:23;360308;FC A-00007-00048902;13609;16/07/2026;14/09/2026;Factura de venta;Abierta;PLAZO 60 DIAS;Peso Argentino;1.00;3;74500.33;.00;74500.33"
"netsuite;vonderk;2026-07-20 14:23;360309;FC A-00007-00048903;3851;16/07/2026;15/08/2026;Factura de venta;Abierta;PLAZO 30 DIAS;Peso Argentino;1.00;3;4448569.84;.00;4448569.84"
"netsuite;vonderk;2026-07-20 14:23;360310;FC A-00007-00048904;3868;16/07/2026;14/09/2026;Factura de venta;Abierta;PLAZO 60 DIAS;Peso Argentino;1.00;3;190735.69;.00;190735.69"
"netsuite;vonderk;2026-07-20 14:23;360784;FC A-00002-00137464;;16/07/2026;14/09/2026;Factura;Abierta;PLAZO 60 DIAS;Peso Argentino;1.00;3;1403296.70;.00;1403296.70"
"netsuite;vonderk;2026-07-20 14:23;359106;MEX-9900022477;3640;15/07/2026;22/07/2026;Factura de venta;Abierta;PLAZO 7 DIAS;Peso Argentino;1.00;11;666022.50;.00;666022.50"
"netsuite;vonderk;2026-07-20 14:23;359116;MEX-9900022482;3862;15/07/2026;22/07/2026;Factura de venta;Abierta;PLAZO 7 DIAS;Peso Argentino;1.00;11;185380.00;.00;185380.00"
"netsuite;vonderk;2026-07-20 14:23;359119;MEX-9900022483;3740;15/07/2026;22/07/2026;Factura de venta;Abierta;PLAZO 7 DIAS;Peso Argentino;1.00;11;444015.00;.00;444015.00"
"netsuite;vonderk;2026-07-20 14:23;359123;MEX-9900022484;13943;15/07/2026;22/07/2026;Factura de venta;Abierta;PLAZO 7 DIAS;Peso Argentino;1.00;11;473616.00;.00;473616.00"
"netsuite;vonderk;2026-07-20 14:23;359124;MEX-9900022485;3740;15/07/2026;22/07/2026;Factura de venta;Abierta;PLAZO 7 DIAS;Peso Argentino;1.00;11;439530.00;.00;439530.00"
"netsuite;vonderk;2026-07-20 14:23;359128;MEX-9900022487;3737;15/07/2026;22/07/2026;Factura de venta;Abierta;PLAZO 7 DIAS;Peso Argentino;1.00;11;1859944.45;.00;1859944.45"
"netsuite;vonderk;2026-07-20 14:23;359129;MEX-9900022488;3737;15/07/2026;22/07/2026;Factura de venta;Abierta;PLAZO 7 DIAS;Peso Argentino;1.00;11;175812.00;.00;175812.00"
"netsuite;vonderk;2026-07-20 14:23;359130;MEX-9900022489;3763;15/07/2026;22/07/2026;Factura de venta;Abierta;PLAZO 7 DIAS;Peso Argentino;1.00;11;1093218.75;21388.69;1071830.06"
"netsuite;vonderk;2026-07-20 14:23;359132;MEX-9900022490;3799;15/07/2026;22/07/2026;Factura de venta;Abierta;PLAZO 7 DIAS;Peso Argentino;1.00;11;533625.30;.00;533625.30"
"netsuite;vonderk;2026-07-20 14:23;359142;MEX-9900022492;3862;15/07/2026;22/07/2026;Factura de venta;Abierta;PLAZO 7 DIAS;Peso Argentino;1.00;11;528288.15;.00;528288.15"
"netsuite;vonderk;2026-07-20 14:23;359256;MEX-9900022493;3850;15/07/2026;22/07/2026;Factura de venta;Abierta;PLAZO 7 DIAS;Peso Argentino;1.00;11;766665.90;.00;766665.90"
"netsuite;vonderk;2026-07-20 14:23;359257;MEX-9900022494;13943;15/07/2026;22/07/2026;Factura de venta;Abierta;PLAZO 7 DIAS;Peso Argentino;1.00;11;340112.50;.00;340112.50"
"netsuite;vonderk;2026-07-20 14:23;359266;MEX-9900022495;3640;15/07/2026;22/07/2026;Factura de venta;Abierta;PLAZO 7 DIAS;Peso Argentino;1.00;11;1679109.25;.00;1679109.25"
"netsuite;vonderk;2026-07-20 14:23;359267;MEX-9900022496;3810;15/07/2026;22/07/2026;Factura de venta;Abierta;PLAZO 7 DIAS;Peso Argentino;1.00;11;1632540.00;.00;1632540.00"
"netsuite;vonderk;2026-07-20 14:23;359269;FC A-00007-00048846;3737;15/07/2026;14/08/2026;Factura de venta;Abierta;PLAZO 30 DIAS;Peso Argentino;1.00;3;830669.85;.00;830669.85"
"netsuite;vonderk;2026-07-20 14:23;359270;FC A-00007-00048847;3759;15/07/2026;13/09/2026;Factura de venta;Abierta;PLAZO 60 DIAS;Peso Argentino;1.00;3;1182456.35;.00;1182456.35"
"netsuite;vonderk;2026-07-20 14:23;359271;FC A-00007-00048848;3814;15/07/2026;14/08/2026;Factura de venta;Abierta;PLAZO 30 DIAS;Peso Argentino;1.00;3;1354650.30;.00;1354650.30"
"netsuite;vonderk;2026-07-20 14:23;359273;FC A-00007-00048849;3810;15/07/2026;14/08/2026;Factura de venta;Abierta;PLAZO 30 DIAS;Peso Argentino;1.00;3;32579.19;.00;32579.19"
"netsuite;vonderk;2026-07-20 14:23;359275;FC A-00007-00048850;3813;15/07/2026;14/08/2026;Factura de venta;Abierta;PLAZO 30 DIAS;Peso Argentino;1.00;3;491690.70;.00;491690.70"
"netsuite;vonderk;2026-07-20 14:23;359276;FC A-00007-00048851;3746;15/07/2026;14/08/2026;Factura de venta;Abierta;PLAZO 30 DIAS;Peso Argentino;1.00;3;490760.37;.00;490760.37"
"netsuite;vonderk;2026-07-20 14:23;359277;FC A-00007-00048852;3778;15/07/2026;14/08/2026;Factura de venta;Abierta;PLAZO 30 DIAS;Peso Argentino;1.00;3;2963224.94;.00;2963224.94"
"netsuite;vonderk;2026-07-20 14:23;359279;FC A-00007-00048853;3671;15/07/2026;14/08/2026;Factura de venta;Abierta;PLAZO 30 DIAS;Peso Argentino;1.00;3;752726.52;.00;752726.52"
"netsuite;vonderk;2026-07-20 14:23;359281;FC A-00007-00048855;3859;15/07/2026;14/08/2026;Factura de venta;Abierta;PLAZO 30 DIAS;Peso Argentino;1.00;3;135671.25;.00;135671.25"
"netsuite;vonderk;2026-07-20 14:23;359283;FC A-00007-00048856;3979;15/07/2026;13/09/2026;Factura de venta;Abierta;PLAZO 60 DIAS;Peso Argentino;1.00;3;1627487.87;.00;1627487.87"
"netsuite;vonderk;2026-07-20 14:23;359287;FC A-00007-00048857;3979;15/07/2026;13/09/2026;Factura de venta;Abierta;PLAZO 60 DIAS;Peso Argentino;1.00;3;1357157.46;.00;1357157.46"
"netsuite;vonderk;2026-07-20 14:23;359293;FC A-00007-00048859;3746;15/07/2026;14/08/2026;Factura de venta;Abierta;PLAZO 30 DIAS;Peso Argentino;1.00;3;306251.95;.00;306251.95"
"netsuite;vonderk;2026-07-20 14:23;359294;FC A-00007-00048860;3810;15/07/2026;14/08/2026;Factura de venta;Abierta;PLAZO 30 DIAS;Peso Argentino;1.00;3;455855.40;.00;455855.40"
"netsuite;vonderk;2026-07-20 14:23;359296;FC A-00007-00048861;3812;15/07/2026;14/08/2026;Factura de venta;Abierta;PLAZO 30 DIAS;Peso Argentino;1.00;3;1106552.81;.00;1106552.81"
"netsuite;vonderk;2026-07-20 14:23;359299;FC A-00007-00048862;4075;15/07/2026;13/09/2026;Factura de venta;Abierta;PLAZO 60 DIAS;Peso Argentino;1.00;3;1532054.02;.00;1532054.02"
"netsuite;vonderk;2026-07-20 14:23;359307;FC A-00007-00048863;13828;15/07/2026;22/07/2026;Factura de venta;Abierta;PLAZO 7 DIAS;Peso Argentino;1.00;3;724327.50;.00;724327.50"
"netsuite;vonderk;2026-07-20 14:23;359316;FC A-00007-00048867;13738;15/07/2026;14/08/2026;Factura de venta;Abierta;PLAZO 30 DIAS;Peso Argentino;1.00;3;465086.73;.00;465086.73"
"netsuite;vonderk;2026-07-20 14:23;359318;FC A-00007-00048868;5265;15/07/2026;14/08/2026;Factura de venta;Abierta;PLAZO 30 DIAS;Peso Argentino;1.00;3;246041.12;.00;246041.12"
"netsuite;vonderk;2026-07-20 14:23;359319;FC A-00007-00048869;13828;15/07/2026;22/07/2026;Factura de venta;Abierta;PLAZO 7 DIAS;Peso Argentino;1.00;3;495069.26;.00;495069.26"
"netsuite;vonderk;2026-07-20 14:23;359507;FC E-00009-00000066;13893;15/07/2026;14/08/2026;Factura de venta;Abierta;PLAZO 30 DIAS;US Dollar;1495.00;3;1209754.00;704145.00;505609.00"
"netsuite;vonderk;2026-07-20 14:23;359512;NC A-00007-00001841;3868;15/07/2026;;Nota de crédito;Abierta;;Peso Argentino;1.00;3;-236609.45;.00;236609.45"
"netsuite;vonderk;2026-07-20 14:23;359519;NC A-00007-00001844;3791;15/07/2026;;Nota de crédito;Abierta;;Peso Argentino;1.00;3;-54697.50;.00;54697.50"
"netsuite;vonderk;2026-07-20 14:23;359523;NC A-00007-00001845;3839;15/07/2026;;Nota de crédito;Abierta;;Peso Argentino;1.00;3;-38352.16;.00;38352.16"
"netsuite;vonderk;2026-07-20 14:23;359652;2604200464-SE;;15/07/2026;14/08/2026;Factura;Abierta;PLAZO 30 DIAS;US Dollar;1495.00;3;6847100.00;.00;6847100.00"
"netsuite;vonderk;2026-07-20 14:23;360644;FC A-02031-00268434;;15/07/2026;14/08/2026;Factura;Abierta;PLAZO 30 DIAS;Peso Argentino;1.00;3;148343.52;.00;148343.52"
"netsuite;vonderk;2026-07-20 14:23;360785;FC A-00010-00077339;;15/07/2026;14/08/2026;Factura;Abierta;PLAZO 30 DIAS;Peso Argentino;1.00;3;342322.90;.00;342322.90"
"netsuite;vonderk;2026-07-20 14:23;357737;MEX-9900022459;3702;14/07/2026;21/07/2026;Factura de venta;Abierta;PLAZO 7 DIAS;Peso Argentino;1.00;11;498267.87;.00;498267.87"
"netsuite;vonderk;2026-07-20 14:23;357739;MEX-9900022461;13618;14/07/2026;21/07/2026;Factura de venta;Abierta;PLAZO 7 DIAS;Peso Argentino;1.00;11;353976.00;.00;353976.00"
"netsuite;vonderk;2026-07-20 14:23;357740;MEX-9900022462;3640;14/07/2026;21/07/2026;Factura de venta;Abierta;PLAZO 7 DIAS;Peso Argentino;1.00;11;352922.50;.00;352922.50"
"netsuite;vonderk;2026-07-20 14:23;357741;MEX-9900022463;3640;14/07/2026;21/07/2026;Factura de venta;Abierta;PLAZO 7 DIAS;Peso Argentino;1.00;11;338790.55;.00;338790.55"
"netsuite;vonderk;2026-07-20 14:23;357742;MEX-9900022464;4173;14/07/2026;21/07/2026;Factura de venta;Abierta;PLAZO 7 DIAS;Peso Argentino;1.00;11;49226.29;.00;49226.29"
"netsuite;vonderk;2026-07-20 14:23;357743;MEX-9900022465;3702;14/07/2026;21/07/2026;Factura de venta;Abierta;PLAZO 7 DIAS;Peso Argentino;1.00;11;181954.50;.00;181954.50"
"netsuite;vonderk;2026-07-20 14:23;357747;MEX-9900022467;3990;14/07/2026;21/07/2026;Factura de venta;Abierta;PLAZO 7 DIAS;Peso Argentino;1.00;11;372562.75;.00;372562.75"
"netsuite;vonderk;2026-07-20 14:23;357750;MEX-9900022470;3640;14/07/2026;21/07/2026;Factura de venta;Abierta;PLAZO 7 DIAS;Peso Argentino;1.00;11;741664.00;.00;741664.00"
"netsuite;vonderk;2026-07-20 14:23;357751;MEX-9900022471;3720;14/07/2026;21/07/2026;Factura de venta;Abierta;PLAZO 7 DIAS;Peso Argentino;1.00;11;886023.60;.00;886023.60"
"netsuite;vonderk;2026-07-20 14:23;357753;MEX-9900022472;3640;14/07/2026;21/07/2026;Factura de venta;Abierta;PLAZO 7 DIAS;Peso Argentino;1.00;11;122732.75;.00;122732.75"
"netsuite;vonderk;2026-07-20 14:23;357754;MEX-9900022473;3811;14/07/2026;21/07/2026;Factura de venta;Abierta;PLAZO 7 DIAS;Peso Argentino;1.00;11;2063656.00;.00;2063656.00"
"netsuite;vonderk;2026-07-20 14:23;357755;MEX-9900022474;3811;14/07/2026;21/07/2026;Factura de venta;Abierta;PLAZO 7 DIAS;Peso Argentino;1.00;11;325080.00;.00;325080.00"
"netsuite;vonderk;2026-07-20 14:23;357756;MEX-9900022475;4173;14/07/2026;21/07/2026;Factura de venta;Abierta;PLAZO 7 DIAS;Peso Argentino;1.00;11;301133.94;.00;301133.94"
"netsuite;vonderk;2026-07-20 14:23;357764;FC A-00007-00048820;3767;14/07/2026;12/09/2026;Factura de venta;Abierta;PLAZO 60 DIAS;Peso Argentino;1.00;3;793522.54;.00;793522.54"
"netsuite;vonderk;2026-07-20 14:23;357765;FC A-00007-00048821;3825;14/07/2026;13/08/2026;Factura de venta;Abierta;PLAZO 30 DIAS;Peso Argentino;1.00;3;683658.59;.00;683658.59"
"netsuite;vonderk;2026-07-20 14:23;357767;FC A-00007-00048822;3767;14/07/2026;12/09/2026;Factura de venta;Abierta;PLAZO 60 DIAS;Peso Argentino;1.00;3;2160493.73;.00;2160493.73"
"netsuite;vonderk;2026-07-20 14:23;357768;FC A-00007-00048823;3815;14/07/2026;13/08/2026;Factura de venta;Abierta;PLAZO 30 DIAS;Peso Argentino;1.00;3;1177381.67;.00;1177381.67"
"netsuite;vonderk;2026-07-20 14:23;357769;FC A-00007-00048824;3815;14/07/2026;13/08/2026;Factura de venta;Abierta;PLAZO 30 DIAS;Peso Argentino;1.00;3;785418.87;.00;785418.87"
"netsuite;vonderk;2026-07-20 14:23;357770;FC A-00007-00048825;3815;14/07/2026;13/08/2026;Factura de venta;Abierta;PLAZO 30 DIAS;Peso Argentino;1.00;3;5743081.81;.00;5743081.81"
"netsuite;vonderk;2026-07-20 14:23;357771;FC A-00007-00048826;3814;14/07/2026;13/08/2026;Factura de venta;Abierta;PLAZO 30 DIAS;Peso Argentino;1.00;3;1345972.67;12356.74;1333615.93"
"netsuite;vonderk;2026-07-20 14:23;357772;FC A-00007-00048827;3767;14/07/2026;12/09/2026;Factura de venta;Abierta;PLAZO 60 DIAS;Peso Argentino;1.00;3;424304.65;.00;424304.65"
"netsuite;vonderk;2026-07-20 14:23;357773;FC A-00007-00048828;3671;14/07/2026;13/08/2026;Factura de venta;Abierta;PLAZO 30 DIAS;Peso Argentino;1.00;3;597334.50;.00;597334.50"
"netsuite;vonderk;2026-07-20 14:23;357775;FC A-00007-00048829;3815;14/07/2026;13/08/2026;Factura de venta;Abierta;PLAZO 30 DIAS;Peso Argentino;1.00;3;818744.08;.00;818744.08"
"netsuite;vonderk;2026-07-20 14:23;357776;FC A-00007-00048830;3727;14/07/2026;13/08/2026;Factura de venta;Abierta;PLAZO 30 DIAS;Peso Argentino;1.00;3;942721.16;.00;942721.16"
"netsuite;vonderk;2026-07-20 14:23;357777;FC A-00007-00048831;3811;14/07/2026;13/08/2026;Factura de venta;Abierta;PLAZO 30 DIAS;Peso Argentino;1.00;3;553999.83;.00;553999.83"
"netsuite;vonderk;2026-07-20 14:23;357880;FC A-00007-00048832;3816;14/07/2026;13/08/2026;Factura de venta;Abierta;PLAZO 30 DIAS;Peso Argentino;1.00;3;746594.08;.00;746594.08"
"netsuite;vonderk;2026-07-20 14:23;357881;FC A-00007-00048833;3811;14/07/2026;13/08/2026;Factura de venta;Abierta;PLAZO 30 DIAS;Peso Argentino;1.00;3;409736.25;.00;409736.25"
"netsuite;vonderk;2026-07-20 14:23;357886;FC A-00007-00048835;3889;14/07/2026;13/08/2026;Factura de venta;Abierta;PLAZO 30 DIAS;Peso Argentino;1.00;3;599089.03;.00;599089.03"
"netsuite;vonderk;2026-07-20 14:23;357887;FC A-00007-00048836;3674;14/07/2026;13/08/2026;Factura de venta;Abierta;PLAZO 30 DIAS;Peso Argentino;1.00;3;130237.88;.00;130237.88"
"netsuite;vonderk;2026-07-20 14:23;357888;FC A-00007-00048837;4047;14/07/2026;13/08/2026;Factura de venta;Abierta;PLAZO 30 DIAS;Peso Argentino;1.00;3;986717.75;.00;986717.75"
"netsuite;vonderk;2026-07-20 14:23;357889;FC A-00007-00048838;3654;14/07/2026;13/08/2026;Factura de venta;Abierta;PLAZO 30 DIAS;Peso Argentino;1.00;3;633925.72;.00;633925.72"
"netsuite;vonderk;2026-07-20 14:23;357893;FC A-00007-00048840;3720;14/07/2026;13/08/2026;Factura de venta;Abierta;PLAZO 30 DIAS;Peso Argentino;1.00;3;760401.26;.00;760401.26"
"netsuite;vonderk;2026-07-20 14:23;357894;FC A-00007-00048841;3677;14/07/2026;13/08/2026;Factura de venta;Abierta;PLAZO 30 DIAS;Peso Argentino;1.00;3;1611855.00;.00;1611855.00"
"netsuite;vonderk;2026-07-20 14:23;357895;FC A-00007-00048842;3641;14/07/2026;13/08/2026;Factura de venta;Abierta;PLAZO 30 DIAS;Peso Argentino;1.00;3;63481.80;.00;63481.80"
"netsuite;vonderk;2026-07-20 14:23;357897;FC A-00007-00048843;13969;14/07/2026;13/08/2026;Factura de venta;Abierta;PLAZO 30 DIAS;Peso Argentino;1.00;3;4329442.54;.00;4329442.54"
"netsuite;vonderk;2026-07-20 14:23;358144;2601080435-SR;;14/07/2026;13/08/2026;Factura;Abierta;PLAZO 30 DIAS;US Dollar;1505.00;3;23330359.50;.00;23330359.50"
"netsuite;vonderk;2026-07-20 14:23;358375;NC A-00007-00001836;3782;14/07/2026;;Nota de crédito;Abierta;;Peso Argentino;1.00;3;-12095.16;.00;12095.16"
"netsuite;vonderk;2026-07-20 14:23;358379;NC A-00007-00001837;4047;14/07/2026;;Nota de crédito;Abierta;;Peso Argentino;1.00;3;-458271.17;.00;458271.17"
"netsuite;vonderk;2026-07-20 14:23;358397;NC A-00007-00001838;3671;14/07/2026;;Nota de crédito;Abierta;;Peso Argentino;1.00;3;-1044248.69;.00;1044248.69"
"netsuite;vonderk;2026-07-20 14:23;358398;NC A-00007-00001839;3671;14/07/2026;;Nota de crédito;Abierta;;Peso Argentino;1.00;3;-551880.00;.00;551880.00"
"netsuite;vonderk;2026-07-20 14:23;358402;NC A-00007-00001840;14010;14/07/2026;;Nota de crédito;Abierta;;Peso Argentino;1.00;3;-884597.81;873527.00;11070.81"
"netsuite;vonderk;2026-07-20 14:23;358859;FC A-00007-00048845;4721;14/07/2026;13/08/2026;Factura de venta;Abierta;PLAZO 30 DIAS;Peso Argentino;1.00;3;618428.58;.00;618428.58"
"netsuite;vonderk;2026-07-20 14:23;360646;FC A-02005-00000300;;14/07/2026;13/08/2026;Factura;Abierta;PLAZO 30 DIAS;Peso Argentino;1.00;3;497500.00;.00;497500.00"
"netsuite;vonderk;2026-07-20 14:23;360649;FC A-02005-00000299;;14/07/2026;13/08/2026;Factura;Abierta;PLAZO 30 DIAS;Peso Argentino;1.00;3;204565.02;.00;204565.02"
"netsuite;vonderk;2026-07-20 14:23;361991;FC A-00002-00002358;;14/07/2026;13/08/2026;Factura;Abierta;PLAZO 30 DIAS;Peso Argentino;1.00;3;223971.00;.00;223971.00"
"netsuite;vonderk;2026-07-20 14:23;361992;FC A-00002-00002359;;14/07/2026;13/08/2026;Factura;Abierta;PLAZO 30 DIAS;Peso Argentino;1.00;3;223971.00;.00;223971.00"
"netsuite;vonderk;2026-07-20 14:23;361994;FC A-00002-00002361;;14/07/2026;13/08/2026;Factura;Abierta;PLAZO 30 DIAS;Peso Argentino;1.00;3;223971.00;.00;223971.00"
"netsuite;vonderk;2026-07-20 14:23;361995;FC A-00002-00002362;;14/07/2026;13/08/2026;Factura;Abierta;PLAZO 30 DIAS;Peso Argentino;1.00;3;223971.00;.00;223971.00"
"netsuite;vonderk;2026-07-20 14:23;361996;FC A-00002-00002360;;14/07/2026;13/08/2026;Factura;Abierta;PLAZO 30 DIAS;Peso Argentino;1.00;3;324213.45;.00;324213.45"
"netsuite;vonderk;2026-07-20 14:23;363114;FC A-00007-00000097;;14/07/2026;14/07/2026;Factura;Abierta;Tarjeta de Crédito;Peso Argentino;1.00;3;125120.00;.00;125120.00"
"netsuite;vonderk;2026-07-20 14:23;363128;FC A-00009-00067441;;14/07/2026;14/07/2026;Factura;Abierta;Tarjeta de Crédito;Peso Argentino;1.00;3;123068.91;.00;123068.91"
"netsuite;vonderk;2026-07-20 14:23;356538;MEX-9900022442;13716;13/07/2026;20/07/2026;Factura de venta;Abierta;PLAZO 7 DIAS;Peso Argentino;1.00;11;29898.00;.00;29898.00"
"netsuite;vonderk;2026-07-20 14:23;356550;MEX-9900022444;4173;13/07/2026;20/07/2026;Factura de venta;Abierta;PLAZO 7 DIAS;Peso Argentino;1.00;11;3212376.26;.00;3212376.26"
"netsuite;vonderk;2026-07-20 14:23;356551;MEX-9900022445;4069;13/07/2026;20/07/2026;Factura de venta;Abierta;PLAZO 7 DIAS;Peso Argentino;1.00;11;504642.00;.00;504642.00"
"netsuite;vonderk;2026-07-20 14:23;356553;MEX-9900022447;3640;13/07/2026;20/07/2026;Factura de venta;Abierta;PLAZO 7 DIAS;Peso Argentino;1.00;11;553868.00;.00;553868.00"
"netsuite;vonderk;2026-07-20 14:23;356554;MEX-9900022448;13807;13/07/2026;20/07/2026;Factura de venta;Abierta;PLAZO 7 DIAS;Peso Argentino;1.00;11;67330.90;.00;67330.90"
"netsuite;vonderk;2026-07-20 14:23;356555;MEX-9900022449;3641;13/07/2026;20/07/2026;Factura de venta;Abierta;PLAZO 7 DIAS;Peso Argentino;1.00;11;572486.30;.00;572486.30"
"netsuite;vonderk;2026-07-20 14:23;356558;MEX-9900022451;3720;13/07/2026;20/07/2026;Factura de venta;Abierta;PLAZO 7 DIAS;Peso Argentino;1.00;11;116798.50;.00;116798.50"
"netsuite;vonderk;2026-07-20 14:23;356560;MEX-9900022453;3811;13/07/2026;20/07/2026;Factura de venta;Abierta;PLAZO 7 DIAS;Peso Argentino;1.00;11;1009586.00;.00;1009586.00"
"netsuite;vonderk;2026-07-20 14:23;356561;MEX-9900022454;13943;13/07/2026;20/07/2026;Factura de venta;Abierta;PLAZO 7 DIAS;Peso Argentino;1.00;11;1181424.00;.00;1181424.00"
"netsuite;vonderk;2026-07-20 14:23;356562;MEX-9900022455;3850;13/07/2026;20/07/2026;Factura de venta;Abierta;PLAZO 7 DIAS;Peso Argentino;1.00;11;69460.00;.00;69460.00"
"netsuite;vonderk;2026-07-20 14:23;356563;MEX-9900022456;3810;13/07/2026;20/07/2026;Factura de venta;Abierta;PLAZO 7 DIAS;Peso Argentino;1.00;11;781425.00;.00;781425.00"
"netsuite;vonderk;2026-07-20 14:23;356564;MEX-9900022457;13716;13/07/2026;20/07/2026;Factura de venta;Abierta;PLAZO 7 DIAS;Peso Argentino;1.00;11;917053.20;.00;917053.20"
"netsuite;vonderk;2026-07-20 14:23;356567;FC A-00007-00048763;4004;13/07/2026;12/08/2026;Factura de venta;Abierta;PLAZO 30 DIAS;Peso Argentino;1.00;3;291239.74;.00;291239.74"
"netsuite;vonderk;2026-07-20 14:23;356574;FC A-00007-00048765;4041;13/07/2026;12/08/2026;Factura de venta;Abierta;PLAZO 30 DIAS;Peso Argentino;1.00;3;628845.43;.00;628845.43"
"netsuite;vonderk;2026-07-20 14:23;356580;FC A-00007-00048768;3932;13/07/2026;11/09/2026;Factura de venta;Abierta;PLAZO 60 DIAS;Peso Argentino;1.00;3;866995.49;.00;866995.49"
"netsuite;vonderk;2026-07-20 14:23;356701;FC A-00007-00048774;4047;13/07/2026;12/08/2026;Factura de venta;Abierta;PLAZO 30 DIAS;Peso Argentino;1.00;3;83502.09;.00;83502.09"
"netsuite;vonderk;2026-07-20 14:23;356731;FC A-00007-00048778;3931;13/07/2026;11/09/2026;Factura de venta;Abierta;PLAZO 60 DIAS;Peso Argentino;1.00;3;1812939.98;.00;1812939.98"
"netsuite;vonderk;2026-07-20 14:23;356732;FC A-00007-00048779;3931;13/07/2026;11/09/2026;Factura de venta;Abierta;PLAZO 60 DIAS;Peso Argentino;1.00;3;789763.98;.00;789763.98"
"netsuite;vonderk;2026-07-20 14:23;356733;FC A-00007-00048780;3811;13/07/2026;12/08/2026;Factura de venta;Abierta;PLAZO 30 DIAS;Peso Argentino;1.00;3;179275.05;.00;179275.05"
"netsuite;vonderk;2026-07-20 14:23;356739;FC A-00007-00048782;3866;13/07/2026;12/08/2026;Factura de venta;Abierta;PLAZO 30 DIAS;Peso Argentino;1.00;3;3533090.15;.00;3533090.15"
"netsuite;vonderk;2026-07-20 14:23;356744;FC A-00007-00048783;3932;13/07/2026;11/09/2026;Factura de venta;Abierta;PLAZO 60 DIAS;Peso Argentino;1.00;3;199519.32;.00;199519.32"
"netsuite;vonderk;2026-07-20 14:23;356746;FC A-00007-00048784;3932;13/07/2026;11/09/2026;Factura de venta;Abierta;PLAZO 60 DIAS;Peso Argentino;1.00;3;171016.56;.00;171016.56"
"netsuite;vonderk;2026-07-20 14:23;356759;FC A-00007-00048787;3931;13/07/2026;11/09/2026;Factura de venta;Abierta;PLAZO 60 DIAS;Peso Argentino;1.00;3;882951.36;.00;882951.36"
"netsuite;vonderk;2026-07-20 14:23;356771;FC A-00007-00048792;3806;13/07/2026;12/08/2026;Factura de venta;Abierta;PLAZO 30 DIAS;Peso Argentino;1.00;3;88860.48;.00;88860.48"
"netsuite;vonderk;2026-07-20 14:23;356772;FC A-00007-00048793;3767;13/07/2026;11/09/2026;Factura de venta;Abierta;PLAZO 60 DIAS;Peso Argentino;1.00;3;566145.21;.00;566145.21"
"netsuite;vonderk;2026-07-20 14:23;356780;FC A-00007-00048795;3787;13/07/2026;12/08/2026;Factura de venta;Abierta;PLAZO 30 DIAS;Peso Argentino;1.00;3;1841873.09;.00;1841873.09"
"netsuite;vonderk;2026-07-20 14:23;356785;FC A-00007-00048798;5265;13/07/2026;12/08/2026;Factura de venta;Abierta;PLAZO 30 DIAS;Peso Argentino;1.00;3;726173.68;.00;726173.68"
"netsuite;vonderk;2026-07-20 14:23;356786;FC A-00007-00048799;3787;13/07/2026;12/08/2026;Factura de venta;Abierta;PLAZO 30 DIAS;Peso Argentino;1.00;3;1308472.38;.00;1308472.38"
"netsuite;vonderk;2026-07-20 14:23;356789;FC A-00007-00048800;3810;13/07/2026;12/08/2026;Factura de venta;Abierta;PLAZO 30 DIAS;Peso Argentino;1.00;3;200067.45;.00;200067.45"
"netsuite;vonderk;2026-07-20 14:23;356793;FC A-00007-00048802;3941;13/07/2026;12/08/2026;Factura de venta;Abierta;PLAZO 30 DIAS;Peso Argentino;1.00;3;1591038.68;.00;1591038.68"
"netsuite;vonderk;2026-07-20 14:23;356797;FC A-00007-00048804;3682;13/07/2026;12/08/2026;Factura de venta;Abierta;PLAZO 30 DIAS;Peso Argentino;1.00;3;2236094.83;.00;2236094.83"
"netsuite;vonderk;2026-07-20 14:23;356798;FC A-00007-00048805;3682;13/07/2026;12/08/2026;Factura de venta;Abierta;PLAZO 30 DIAS;Peso Argentino;1.00;3;248527.13;.00;248527.13"
"netsuite;vonderk;2026-07-20 14:23;356805;FC A-00007-00048810;13879;13/07/2026;12/08/2026;Factura de venta;Abierta;PLAZO 30 DIAS;Peso Argentino;1.00;3;377771.20;.00;377771.20"
"netsuite;vonderk;2026-07-20 14:23;356808;FC A-00007-00048811;4047;13/07/2026;12/08/2026;Factura de venta;Abierta;PLAZO 30 DIAS;Peso Argentino;1.00;3;710197.62;.00;710197.62"
"netsuite;vonderk;2026-07-20 14:23;356811;FC A-00007-00048812;3811;13/07/2026;12/08/2026;Factura de venta;Abierta;PLAZO 30 DIAS;Peso Argentino;1.00;3;237596.08;.00;237596.08"
"netsuite;vonderk;2026-07-20 14:23;356817;FC A-00007-00048814;3720;13/07/2026;12/08/2026;Factura de venta;Abierta;PLAZO 30 DIAS;Peso Argentino;1.00;3;274820.00;.00;274820.00"
"netsuite;vonderk;2026-07-20 14:23;356819;FC A-00007-00048816;3857;13/07/2026;12/08/2026;Factura de venta;Abierta;PLAZO 30 DIAS;Peso Argentino;1.00;3;574508.51;.00;574508.51"
"netsuite;vonderk;2026-07-20 14:23;356820;FC A-00007-00048817;3857;13/07/2026;12/08/2026;Factura de venta;Abierta;PLAZO 30 DIAS;Peso Argentino;1.00;3;179946.10;.00;179946.10"
"netsuite;vonderk;2026-07-20 14:23;357247;NC A-00007-00001834;3859;13/07/2026;;Nota de crédito;Abierta;;Peso Argentino;1.00;3;-224116.20;222527.07;1589.13"
"netsuite;vonderk;2026-07-20 14:23;357396;E-FACTURA EXPORTACION A50;13353;13/07/2026;12/08/2026;Factura de venta;Abierta;PLAZO 30 DIAS;US Dollar;40.235;10;2558891.537;.00;2558891.537"
"netsuite;vonderk;2026-07-20 14:23;363492;E-0006-00000353;;13/07/2026;12/08/2026;Factura;Abierta;PLAZO 30 DIAS;US Dollar;40.235;10;3586683.352;.00;3586683.352"
"netsuite;vonderk;2026-07-20 14:23;355314;MEX-9900022433;13716;10/07/2026;17/07/2026;Factura de venta;Abierta;PLAZO 7 DIAS;Peso Argentino;1.00;11;334253.60;284200.00;50053.60"
"netsuite;vonderk;2026-07-20 14:23;355317;MEX-9900022435;14102;10/07/2026;17/07/2026;Factura de venta;Abierta;PLAZO 7 DIAS;Peso Argentino;1.00;11;119592.00;.00;119592.00"
"netsuite;vonderk;2026-07-20 14:23;355318;MEX-9900022436;3720;10/07/2026;17/07/2026;Factura de venta;Abierta;PLAZO 7 DIAS;Peso Argentino;1.00;11;715030.30;.00;715030.30"
"netsuite;vonderk;2026-07-20 14:23;355319;MEX-9900022437;3898;10/07/2026;17/07/2026;Factura de venta;Abierta;PLAZO 7 DIAS;Peso Argentino;1.00;11;775430.30;.00;775430.30"
"netsuite;vonderk;2026-07-20 14:23;355320;MEX-9900022438;3777;10/07/2026;17/07/2026;Factura de venta;Abierta;PLAZO 7 DIAS;Peso Argentino;1.00;11;472267.60;.00;472267.60"
"netsuite;vonderk;2026-07-20 14:23;355321;MEX-9900022439;3773;10/07/2026;17/07/2026;Factura de venta;Abierta;PLAZO 7 DIAS;Peso Argentino;1.00;11;519832.60;266284.10;253548.50"
"netsuite;vonderk;2026-07-20 14:23;355322;MEX-9900022440;3846;10/07/2026;17/07/2026;Factura de venta;Abierta;PLAZO 7 DIAS;Peso Argentino;1.00;11;256700.00;.00;256700.00"
"netsuite;vonderk;2026-07-20 14:23;355323;MEX-9900022441;3850;10/07/2026;17/07/2026;Factura de venta;Abierta;PLAZO 7 DIAS;Peso Argentino;1.00;11;933633.00;65741.40;867891.60"
"netsuite;vonderk;2026-07-20 14:23;355324;FC A-00007-00048732;3838;10/07/2026;17/07/2026;Factura de venta;Abierta;PLAZO 7 DIAS;Peso Argentino;1.00;3;433680.46;.00;433680.46"
"netsuite;vonderk;2026-07-20 14:23;355325;FC A-00007-00048733;3816;10/07/2026;09/08/2026;Factura de venta;Abierta;PLAZO 30 DIAS;Peso Argentino;1.00;3;922320.08;.00;922320.08"
"netsuite;vonderk;2026-07-20 14:23;355326;FC A-00007-00048734;3759;10/07/2026;08/09/2026;Factura de venta;Abierta;PLAZO 60 DIAS;Peso Argentino;1.00;3;1394954.33;.00;1394954.33"
"netsuite;vonderk;2026-07-20 14:23;355328;FC A-00007-00048735;3972;10/07/2026;09/08/2026;Factura de venta;Abierta;PLAZO 30 DIAS;Peso Argentino;1.00;3;2233849.80;.00;2233849.80"
"netsuite;vonderk;2026-07-20 14:23;355334;FC A-00007-00048739;3857;10/07/2026;09/08/2026;Factura de venta;Abierta;PLAZO 30 DIAS;Peso Argentino;1.00;3;603383.78;.00;603383.78"
"netsuite;vonderk;2026-07-20 14:23;355336;FC A-00007-00048741;3720;10/07/2026;09/08/2026;Factura de venta;Abierta;PLAZO 30 DIAS;Peso Argentino;1.00;3;8578687.50;.00;8578687.50"
"netsuite;vonderk;2026-07-20 14:23;355339;FC A-00007-00048744;4168;10/07/2026;17/07/2026;Factura de venta;Abierta;PLAZO 7 DIAS;Peso Argentino;1.00;3;527292.00;.00;527292.00"
"netsuite;vonderk;2026-07-20 14:23;355341;FC A-00007-00048746;13968;10/07/2026;09/08/2026;Factura de venta;Abierta;PLAZO 30 DIAS;Peso Argentino;1.00;3;1152571.22;.00;1152571.22"
"netsuite;vonderk;2026-07-20 14:23;355343;FC A-00007-00048747;13609;10/07/2026;08/09/2026;Factura de venta;Abierta;PLAZO 60 DIAS;Peso Argentino;1.00;3;1151.07;.00;1151.07"
"netsuite;vonderk;2026-07-20 14:23;355344;FC A-00007-00048748;3777;10/07/2026;08/09/2026;Factura de venta;Abierta;PLAZO 60 DIAS;Peso Argentino;1.00;3;863304.75;605864.44;257440.31"
"netsuite;vonderk;2026-07-20 14:23;355345;FC A-00007-00048749;13609;10/07/2026;08/09/2026;Factura de venta;Abierta;PLAZO 60 DIAS;Peso Argentino;1.00;3;209095.74;.00;209095.74"
"netsuite;vonderk;2026-07-20 14:23;355347;FC A-00007-00048751;3767;10/07/2026;08/09/2026;Factura de venta;Abierta;PLAZO 60 DIAS;Peso Argentino;1.00;3;203356.23;31347.31;172008.92"
"netsuite;vonderk;2026-07-20 14:23;355349;FC A-00007-00048753;3812;10/07/2026;09/08/2026;Factura de venta;Abierta;PLAZO 30 DIAS;Peso Argentino;1.00;3;997596.60;.00;997596.60"
"netsuite;vonderk;2026-07-20 14:23;355350;FC A-00007-00048754;3780;10/07/2026;09/08/2026;Factura de venta;Abierta;PLAZO 30 DIAS;Peso Argentino;1.00;3;786962.92;.00;786962.92"
"netsuite;vonderk;2026-07-20 14:23;355353;FC A-00007-00048757;3908;10/07/2026;09/08/2026;Factura de venta;Abierta;PLAZO 30 DIAS;Peso Argentino;1.00;3;60294.30;.00;60294.30"
"netsuite;vonderk;2026-07-20 14:23;355357;FC A-00007-00048759;13609;10/07/2026;08/09/2026;Factura de venta;Abierta;PLAZO 60 DIAS;Peso Argentino;1.00;3;163680.68;.00;163680.68"
"netsuite;vonderk;2026-07-20 14:23;355358;FC A-00007-00048760;3878;10/07/2026;09/08/2026;Factura de venta;Abierta;PLAZO 30 DIAS;Peso Argentino;1.00;3;324744.38;.00;324744.38"
"netsuite;vonderk;2026-07-20 14:23;360800;FC A-00007-00009107;;10/07/2026;09/08/2026;Factura;Abierta;PLAZO 30 DIAS;Peso Argentino;1.00;3;145914.00;.00;145914.00"
"netsuite;vonderk;2026-07-20 14:23;353925;MEX-9900022417;3640;08/07/2026;15/07/2026;Factura de venta;Abierta;PLAZO 7 DIAS;Peso Argentino;1.00;11;187708.50;.00;187708.50"
"netsuite;vonderk;2026-07-20 14:23;353929;MEX-9900022418;3641;08/07/2026;15/07/2026;Factura de venta;Abierta;PLAZO 7 DIAS;Peso Argentino;1.00;11;159075.00;.00;159075.00"
"netsuite;vonderk;2026-07-20 14:23;353930;MEX-9900022419;3640;08/07/2026;15/07/2026;Factura de venta;Abierta;PLAZO 7 DIAS;Peso Argentino;1.00;11;156423.75;.00;156423.75"
"netsuite;vonderk;2026-07-20 14:23;353932;MEX-9900022420;3640;08/07/2026;15/07/2026;Factura de venta;Abierta;PLAZO 7 DIAS;Peso Argentino;1.00;11;46434.75;.00;46434.75"
"netsuite;vonderk;2026-07-20 14:23;353937;MEX-9900022423;3640;08/07/2026;15/07/2026;Factura de venta;Abierta;PLAZO 7 DIAS;Peso Argentino;1.00;11;1234422.00;.00;1234422.00"
"netsuite;vonderk;2026-07-20 14:23;353942;MEX-9900022426;3640;08/07/2026;15/07/2026;Factura de venta;Abierta;PLAZO 7 DIAS;Peso Argentino;1.00;11;100747.50;.00;100747.50"
"netsuite;vonderk;2026-07-20 14:23;353943;MEX-9900022427;3811;08/07/2026;15/07/2026;Factura de venta;Abierta;PLAZO 7 DIAS;Peso Argentino;1.00;11;1249875.00;.00;1249875.00"
"netsuite;vonderk;2026-07-20 14:23;353946;MEX-9900022428;3647;08/07/2026;15/07/2026;Factura de venta;Abierta;PLAZO 7 DIAS;Peso Argentino;1.00;11;345874.50;.00;345874.50"
"netsuite;vonderk;2026-07-20 14:23;353949;MEX-9900022429;3854;08/07/2026;15/07/2026;Factura de venta;Abierta;PLAZO 7 DIAS;Peso Argentino;1.00;11;2637445.32;.00;2637445.32"
"netsuite;vonderk;2026-07-20 14:23;353951;MEX-9900022430;3854;08/07/2026;15/07/2026;Factura de venta;Abierta;PLAZO 7 DIAS;Peso Argentino;1.00;11;561762.00;.00;561762.00"
"netsuite;vonderk;2026-07-20 14:23;354064;FC A-00007-00048697;4075;08/07/2026;06/09/2026;Factura de venta;Abierta;PLAZO 60 DIAS;Peso Argentino;1.00;3;7906794.71;.00;7906794.71"
"netsuite;vonderk;2026-07-20 14:23;354068;FC A-00007-00048699;3640;08/07/2026;07/08/2026;Factura de venta;Abierta;PLAZO 30 DIAS;Peso Argentino;1.00;3;350171.04;.00;350171.04"
"netsuite;vonderk;2026-07-20 14:23;354069;FC A-00007-00048700;3864;08/07/2026;07/08/2026;Factura de venta;Abierta;PLAZO 30 DIAS;Peso Argentino;1.00;3;745715.92;.00;745715.92"
"netsuite;vonderk;2026-07-20 14:23;354070;FC A-00007-00048701;3643;08/07/2026;07/08/2026;Factura de venta;Abierta;PLAZO 30 DIAS;Peso Argentino;1.00;3;5111155.99;.00;5111155.99"
"netsuite;vonderk;2026-07-20 14:23;354072;FC A-00007-00048702;3643;08/07/2026;07/08/2026;Factura de venta;Abierta;PLAZO 30 DIAS;Peso Argentino;1.00;3;3742050.00;.00;3742050.00"
"netsuite;vonderk;2026-07-20 14:23;354075;FC A-00007-00048705;3811;08/07/2026;07/08/2026;Factura de venta;Abierta;PLAZO 30 DIAS;Peso Argentino;1.00;3;575664.09;.00;575664.09"
"netsuite;vonderk;2026-07-20 14:23;354077;FC A-00007-00048707;3864;08/07/2026;07/08/2026;Factura de venta;Abierta;PLAZO 30 DIAS;Peso Argentino;1.00;3;336943.80;.00;336943.80"
"netsuite;vonderk;2026-07-20 14:23;354119;FC A-00007-00048717;3720;08/07/2026;07/08/2026;Factura de venta;Abierta;PLAZO 30 DIAS;Peso Argentino;1.00;3;400302.78;.00;400302.78"
"netsuite;vonderk;2026-07-20 14:23;354122;FC A-00007-00048718;3720;08/07/2026;07/08/2026;Factura de venta;Abierta;PLAZO 30 DIAS;Peso Argentino;1.00;3;174982.50;.00;174982.50"
"netsuite;vonderk;2026-07-20 14:23;354124;FC A-00007-00048720;3726;08/07/2026;07/08/2026;Factura de venta;Abierta;PLAZO 30 DIAS;Peso Argentino;1.00;3;290755.94;.00;290755.94"
"netsuite;vonderk;2026-07-20 14:23;354130;FC A-00007-00048723;3671;08/07/2026;07/08/2026;Factura de venta;Abierta;PLAZO 30 DIAS;Peso Argentino;1.00;3;859005.00;.00;859005.00"
"netsuite;vonderk;2026-07-20 14:23;354131;FC A-00007-00048724;3856;08/07/2026;07/08/2026;Factura de venta;Abierta;PLAZO 30 DIAS;Peso Argentino;1.00;3;448271.53;.00;448271.53"
"netsuite;vonderk;2026-07-20 14:23;354134;FC A-00007-00048727;3941;08/07/2026;07/08/2026;Factura de venta;Abierta;PLAZO 30 DIAS;Peso Argentino;1.00;3;218364.84;.00;218364.84"
"netsuite;vonderk;2026-07-20 14:23;354135;FC A-00007-00048728;4047;08/07/2026;06/09/2026;Factura de venta;Abierta;PLAZO 60 DIAS;Peso Argentino;1.00;3;8044082.18;.00;8044082.18"
"netsuite;vonderk;2026-07-20 14:23;354136;FC A-00007-00048729;3743;08/07/2026;07/08/2026;Factura de venta;Abierta;PLAZO 30 DIAS;Peso Argentino;1.00;3;590842.58;.00;590842.58"
"netsuite;vonderk;2026-07-20 14:23;354139;FC A-00007-00048731;4721;08/07/2026;07/08/2026;Factura de venta;Abierta;PLAZO 30 DIAS;Peso Argentino;1.00;3;2331931.79;.00;2331931.79"
"netsuite;vonderk;2026-07-20 14:23;354433;NC A-00007-00001824;3813;08/07/2026;;Nota de crédito;Abierta;;Peso Argentino;1.00;3;-536506.98;.00;536506.98"
"netsuite;vonderk;2026-07-20 14:23;354434;NC A-00007-00001825;3864;08/07/2026;;Nota de crédito;Abierta;;Peso Argentino;1.00;3;-604351.78;.00;604351.78"
"netsuite;vonderk;2026-07-20 14:23;354550;NC A-00007-00001826;3878;08/07/2026;;Nota de crédito;Abierta;;Peso Argentino;1.00;3;-194096.25;.00;194096.25"
"netsuite;vonderk;2026-07-20 14:23;354551;NC A-00007-00001827;3878;08/07/2026;;Nota de crédito;Abierta;;Peso Argentino;1.00;3;-164705.63;.00;164705.63"
"netsuite;vonderk;2026-07-20 14:23;354554;NC A-00007-00001828;3878;08/07/2026;;Nota de crédito;Abierta;;Peso Argentino;1.00;3;-316624.50;.00;316624.50"
"netsuite;vonderk;2026-07-20 14:23;361989;FC A-01340-00254692;;08/07/2026;07/08/2026;Factura;Abierta;PLAZO 30 DIAS;Peso Argentino;1.00;3;940567.37;.00;940567.37"
"netsuite;vonderk;2026-07-20 14:23;363355;000A00003586;;08/07/2026;07/08/2026;Factura;Abierta;PLAZO 30 DIAS;US Dollar;40.265;10;770193.201;.00;770193.201"
"netsuite;vonderk;2026-07-20 14:23;363360;000A00003587;;08/07/2026;07/08/2026;Factura;Abierta;PLAZO 30 DIAS;US Dollar;40.265;10;358424.905;.00;358424.905"
"netsuite;vonderk;2026-07-20 14:23;353081;MEX-9900022407;14102;07/07/2026;14/07/2026;Factura de venta;Abierta;PLAZO 7 DIAS;Peso Argentino;1.00;11;217440.00;.00;217440.00"
"netsuite;vonderk;2026-07-20 14:23;353083;MEX-9900022408;3810;07/07/2026;14/07/2026;Factura de venta;Abierta;PLAZO 7 DIAS;Peso Argentino;1.00;11;628537.50;.00;628537.50"
"netsuite;vonderk;2026-07-20 14:23;353085;MEX-9900022410;3996;07/07/2026;14/07/2026;Factura de venta;Abierta;PLAZO 7 DIAS;Peso Argentino;1.00;11;1039544.40;381600.00;657944.40"
"netsuite;vonderk;2026-07-20 14:23;353091;MEX-9900022413;3720;07/07/2026;14/07/2026;Factura de venta;Abierta;PLAZO 7 DIAS;Peso Argentino;1.00;11;339750.00;.00;339750.00"
"netsuite;vonderk;2026-07-20 14:23;353093;MEX-9900022415;3862;07/07/2026;14/07/2026;Factura de venta;Abierta;PLAZO 7 DIAS;Peso Argentino;1.00;11;138436.80;5557.00;132879.80"
"netsuite;vonderk;2026-07-20 14:23;353099;FC A-00007-00048662;3878;07/07/2026;06/08/2026;Factura de venta;Abierta;PLAZO 30 DIAS;Peso Argentino;1.00;3;154586.25;.00;154586.25"
"netsuite;vonderk;2026-07-20 14:23;353102;FC A-00007-00048664;4020;07/07/2026;06/08/2026;Factura de venta;Abierta;PLAZO 30 DIAS;Peso Argentino;1.00;3;285685.36;.00;285685.36"
"netsuite;vonderk;2026-07-20 14:23;353103;FC A-00007-00048665;4020;07/07/2026;06/08/2026;Factura de venta;Abierta;PLAZO 30 DIAS;Peso Argentino;1.00;3;195828.58;.00;195828.58"
"netsuite;vonderk;2026-07-20 14:23;353110;FC A-00007-00048671;3810;07/07/2026;06/08/2026;Factura de venta;Abierta;PLAZO 30 DIAS;Peso Argentino;1.00;3;327964.45;.00;327964.45"
"netsuite;vonderk;2026-07-20 14:23;353112;FC A-00007-00048672;3826;07/07/2026;06/08/2026;Factura de venta;Abierta;PLAZO 30 DIAS;Peso Argentino;1.00;3;1489543.28;.00;1489543.28"
"netsuite;vonderk;2026-07-20 14:23;353113;FC A-00007-00048673;3972;07/07/2026;06/08/2026;Factura de venta;Abierta;PLAZO 30 DIAS;Peso Argentino;1.00;3;5594309.16;.00;5594309.16"
"netsuite;vonderk;2026-07-20 14:23;353122;FC A-00007-00048678;3813;07/07/2026;06/08/2026;Factura de venta;Abierta;PLAZO 30 DIAS;Peso Argentino;1.00;3;189927.05;.00;189927.05"
"netsuite;vonderk;2026-07-20 14:23;353124;FC A-00007-00048679;3813;07/07/2026;05/09/2026;Factura de venta;Abierta;PLAZO 60 DIAS;Peso Argentino;1.00;3;2547049.58;.00;2547049.58"
"netsuite;vonderk;2026-07-20 14:23;353129;FC A-00007-00048682;3787;07/07/2026;06/08/2026;Factura de venta;Abierta;PLAZO 30 DIAS;Peso Argentino;1.00;3;1357861.16;.00;1357861.16"
"netsuite;vonderk;2026-07-20 14:23;353132;FC A-00007-00048684;13609;07/07/2026;05/09/2026;Factura de venta;Abierta;PLAZO 60 DIAS;Peso Argentino;1.00;3;572682.60;.00;572682.60"
"netsuite;vonderk;2026-07-20 14:23;353133;FC A-00007-00048685;3720;07/07/2026;06/08/2026;Factura de venta;Abierta;PLAZO 30 DIAS;Peso Argentino;1.00;3;61457.00;.00;61457.00"
"netsuite;vonderk;2026-07-20 14:23;353139;FC A-00007-00048688;3953;07/07/2026;06/08/2026;Factura de venta;Abierta;PLAZO 30 DIAS;Peso Argentino;1.00;3;557978.07;.00;557978.07"
"netsuite;vonderk;2026-07-20 14:23;353141;FC A-00007-00048689;13609;07/07/2026;05/09/2026;Factura de venta;Abierta;PLAZO 60 DIAS;Peso Argentino;1.00;3;151827.48;.00;151827.48"
"netsuite;vonderk;2026-07-20 14:23;353143;FC A-00007-00048690;3878;07/07/2026;06/08/2026;Factura de venta;Abierta;PLAZO 30 DIAS;Peso Argentino;1.00;3;385276.50;.00;385276.50"
"netsuite;vonderk;2026-07-20 14:23;353145;FC A-00007-00048691;3857;07/07/2026;06/08/2026;Factura de venta;Abierta;PLAZO 30 DIAS;Peso Argentino;1.00;3;948364.56;.00;948364.56"
"netsuite;vonderk;2026-07-20 14:23;362949;FC A-00011-90381448;;07/07/2026;06/08/2026;Factura;Abierta;PLAZO 30 DIAS;Peso Argentino;1.00;3;118304.68;.00;118304.68"
"netsuite;vonderk;2026-07-20 14:23;351827;MEX-9900022390;3924;06/07/2026;13/07/2026;Factura de venta;Abierta;PLAZO 7 DIAS;Peso Argentino;1.00;11;213816.00;.00;213816.00"
"netsuite;vonderk;2026-07-20 14:23;351828;MEX-9900022391;13571;06/07/2026;13/07/2026;Factura de venta;Abierta;PLAZO 7 DIAS;Peso Argentino;1.00;11;381244.80;.00;381244.80"
"netsuite;vonderk;2026-07-20 14:23;351829;MEX-9900022392;3777;06/07/2026;13/07/2026;Factura de venta;Abierta;PLAZO 7 DIAS;Peso Argentino;1.00;11;527322.20;.00;527322.20"
"netsuite;vonderk;2026-07-20 14:23;351830;MEX-9900022393;3922;06/07/2026;13/07/2026;Factura de venta;Abierta;PLAZO 7 DIAS;Peso Argentino;1.00;11;150214.80;.00;150214.80"
"netsuite;vonderk;2026-07-20 14:23;351832;MEX-9900022395;3777;06/07/2026;13/07/2026;Factura de venta;Abierta;PLAZO 7 DIAS;Peso Argentino;1.00;11;617212.50;.00;617212.50"
"netsuite;vonderk;2026-07-20 14:23;351833;MEX-9900022396;13571;06/07/2026;13/07/2026;Factura de venta;Abierta;PLAZO 7 DIAS;Peso Argentino;1.00;11;295205.00;.00;295205.00"
"netsuite;vonderk;2026-07-20 14:23;351837;MEX-9900022399;13571;06/07/2026;13/07/2026;Factura de venta;Abierta;PLAZO 7 DIAS;Peso Argentino;1.00;11;560647.90;.00;560647.90"
"netsuite;vonderk;2026-07-20 14:23;351842;FC A-00007-00048621;3815;06/07/2026;05/08/2026;Factura de venta;Abierta;PLAZO 30 DIAS;Peso Argentino;1.00;3;431762.01;.00;431762.01"
"netsuite;vonderk;2026-07-20 14:23;351887;FC A-00007-00048628;3702;06/07/2026;05/08/2026;Factura de venta;Abierta;PLAZO 30 DIAS;Peso Argentino;1.00;3;229107.00;.00;229107.00"
"netsuite;vonderk;2026-07-20 14:23;351889;FC A-00007-00048630;3843;06/07/2026;05/08/2026;Factura de venta;Abierta;PLAZO 30 DIAS;Peso Argentino;1.00;3;436713.44;.00;436713.44"
"netsuite;vonderk;2026-07-20 14:23;351994;FC A-00007-00048633;4043;06/07/2026;05/08/2026;Factura de venta;Abierta;PLAZO 30 DIAS;Peso Argentino;1.00;3;635430.35;.00;635430.35"
"netsuite;vonderk;2026-07-20 14:23;351999;FC A-00007-00048636;3792;06/07/2026;05/08/2026;Factura de venta;Abierta;PLAZO 30 DIAS;Peso Argentino;1.00;3;2798167.11;.00;2798167.11"
"netsuite;vonderk;2026-07-20 14:23;352000;FC A-00007-00048637;3860;06/07/2026;05/08/2026;Factura de venta;Abierta;PLAZO 30 DIAS;Peso Argentino;1.00;3;110045.81;.00;110045.81"
"netsuite;vonderk;2026-07-20 14:23;352027;FC A-00007-00048642;3815;06/07/2026;05/08/2026;Factura de venta;Abierta;PLAZO 30 DIAS;Peso Argentino;1.00;3;1158015.98;.00;1158015.98"
"netsuite;vonderk;2026-07-20 14:23;352049;FC A-00007-00048646;3866;06/07/2026;05/08/2026;Factura de venta;Abierta;PLAZO 30 DIAS;Peso Argentino;1.00;3;236645.39;.00;236645.39"
"netsuite;vonderk;2026-07-20 14:23;352169;FC A-00007-00048653;3702;06/07/2026;05/08/2026;Factura de venta;Abierta;PLAZO 30 DIAS;Peso Argentino;1.00;3;76681.57;.00;76681.57"
"netsuite;vonderk;2026-07-20 14:23;352180;FC A-00007-00048658;13609;06/07/2026;04/09/2026;Factura de venta;Abierta;PLAZO 60 DIAS;Peso Argentino;1.00;3;2404277.57;.00;2404277.57"
"netsuite;vonderk;2026-07-20 14:23;352181;FC A-00007-00048659;3852;06/07/2026;05/08/2026;Factura de venta;Abierta;PLAZO 30 DIAS;Peso Argentino;1.00;3;90045.83;.00;90045.83"
"netsuite;vonderk;2026-07-20 14:23;352828;NC A-00007-00001820;14043;06/07/2026;;Nota de crédito;Abierta;;Peso Argentino;1.00;3;-220365.60;.00;220365.60"
"netsuite;vonderk;2026-07-20 14:23;352829;NC A-00007-00001821;3839;06/07/2026;;Nota de crédito;Abierta;;Peso Argentino;1.00;3;-244208.25;.00;244208.25"
"netsuite;vonderk;2026-07-20 14:23;352834;MEX-9900000695;3640;06/07/2026;;Nota de crédito;Abierta;;Peso Argentino;1.00;11;-16060.00;.00;16060.00"
"netsuite;vonderk;2026-07-20 14:23;360319;FC A-00002-00137075;;06/07/2026;04/09/2026;Factura;Abierta;PLAZO 60 DIAS;Peso Argentino;1.00;3;1072266.10;.00;1072266.10"
"netsuite;vonderk;2026-07-20 14:23;360440;FC A-00002-00137074;;06/07/2026;04/09/2026;Factura;Abierta;PLAZO 60 DIAS;Peso Argentino;1.00;3;926158.50;.00;926158.50"
"netsuite;vonderk;2026-07-20 14:23;360483;FC A-00002-00137071;;06/07/2026;04/09/2026;Factura;Abierta;PLAZO 60 DIAS;Peso Argentino;1.00;3;3864814.80;.00;3864814.80"
"netsuite;vonderk;2026-07-20 14:23;360486;FC A-00002-00137070;;06/07/2026;04/09/2026;Factura;Abierta;PLAZO 60 DIAS;Peso Argentino;1.00;3;5291659.10;.00;5291659.10"
"netsuite;vonderk;2026-07-20 14:23;360790;FC A-00008-00026010;;06/07/2026;05/08/2026;Factura;Abierta;PLAZO 30 DIAS;Peso Argentino;1.00;3;225000.00;.00;225000.00"
"netsuite;vonderk;2026-07-20 14:23;363364;000A00003577;;06/07/2026;05/08/2026;Factura;Abierta;PLAZO 30 DIAS;US Dollar;40.23;10;1080974.748;.00;1080974.748"
"netsuite;vonderk;2026-07-20 14:23;360639;FC A-01673-00017013;;05/07/2026;04/08/2026;Factura;Abierta;PLAZO 30 DIAS;Peso Argentino;1.00;3;421650.44;.00;421650.44"
"netsuite;vonderk;2026-07-20 14:23;360641;FC A-02031-00267171;;04/07/2026;03/08/2026;Factura;Abierta;PLAZO 30 DIAS;Peso Argentino;1.00;3;149405.51;.00;149405.51"
"netsuite;vonderk;2026-07-20 14:23;350363;MEX-9900022354;13871;03/07/2026;10/07/2026;Factura de venta;Abierta;PLAZO 7 DIAS;Peso Argentino;1.00;11;42038.40;.00;42038.40"
"netsuite;vonderk;2026-07-20 14:23;350364;MEX-9900022355;3874;03/07/2026;10/07/2026;Factura de venta;Abierta;PLAZO 7 DIAS;Peso Argentino;1.00;11;640104.10;.00;640104.10"
"netsuite;vonderk;2026-07-20 14:23;350373;MEX-9900022362;3874;03/07/2026;10/07/2026;Factura de venta;Abierta;PLAZO 7 DIAS;Peso Argentino;1.00;11;278202.40;.00;278202.40"
"netsuite;vonderk;2026-07-20 14:23;350376;MEX-9900022365;3777;03/07/2026;10/07/2026;Factura de venta;Abierta;PLAZO 7 DIAS;Peso Argentino;1.00;11;147225.00;.00;147225.00"
"netsuite;vonderk;2026-07-20 14:23;350378;MEX-9900022367;3777;03/07/2026;10/07/2026;Factura de venta;Abierta;PLAZO 7 DIAS;Peso Argentino;1.00;11;1812000.00;.00;1812000.00"
"netsuite;vonderk;2026-07-20 14:23;350379;MEX-9900022368;3854;03/07/2026;10/07/2026;Factura de venta;Abierta;PLAZO 7 DIAS;Peso Argentino;1.00;11;564740.00;.00;564740.00"
"netsuite;vonderk;2026-07-20 14:23;350382;MEX-9900022369;3737;03/07/2026;10/07/2026;Factura de venta;Abierta;PLAZO 7 DIAS;Peso Argentino;1.00;11;233113.80;19330.75;213783.05"
"netsuite;vonderk;2026-07-20 14:23;350386;MEX-9900022370;3777;03/07/2026;10/07/2026;Factura de venta;Abierta;PLAZO 7 DIAS;Peso Argentino;1.00;11;609058.50;.00;609058.50"
"netsuite;vonderk;2026-07-20 14:23;350390;MEX-9900022373;3720;03/07/2026;10/07/2026;Factura de venta;Abierta;PLAZO 7 DIAS;Peso Argentino;1.00;11;2795610.98;.00;2795610.98"
"netsuite;vonderk;2026-07-20 14:23;350391;MEX-9900022374;3777;03/07/2026;10/07/2026;Factura de venta;Abierta;PLAZO 7 DIAS;Peso Argentino;1.00;11;99660.00;.00;99660.00"
"netsuite;vonderk;2026-07-20 14:23;350394;MEX-9900022376;3811;03/07/2026;10/07/2026;Factura de venta;Abierta;PLAZO 7 DIAS;Peso Argentino;1.00;11;253680.00;.00;253680.00"
"netsuite;vonderk;2026-07-20 14:23;350398;MEX-9900022377;3641;03/07/2026;10/07/2026;Factura de venta;Abierta;PLAZO 7 DIAS;Peso Argentino;1.00;11;142121.20;.00;142121.20"
"netsuite;vonderk;2026-07-20 14:23;350405;FC A-00007-00048580;3878;03/07/2026;02/08/2026;Factura de venta;Abierta;PLAZO 30 DIAS;Peso Argentino;1.00;3;128821.88;.00;128821.88"
"netsuite;vonderk;2026-07-20 14:23;350411;FC A-00007-00048582;3852;03/07/2026;02/08/2026;Factura de venta;Abierta;PLAZO 30 DIAS;Peso Argentino;1.00;3;270137.49;.00;270137.49"
"netsuite;vonderk;2026-07-20 14:23;350412;FC A-00007-00048583;3759;03/07/2026;01/09/2026;Factura de venta;Abierta;PLAZO 60 DIAS;Peso Argentino;1.00;3;596785.68;406498.97;190286.71"
"netsuite;vonderk;2026-07-20 14:23;350424;FC A-00007-00048586;3737;03/07/2026;02/08/2026;Factura de venta;Abierta;PLAZO 30 DIAS;Peso Argentino;1.00;3;929263.06;.00;929263.06"
"netsuite;vonderk;2026-07-20 14:23;350426;FC A-00007-00048587;3862;03/07/2026;02/08/2026;Factura de venta;Abierta;PLAZO 30 DIAS;Peso Argentino;1.00;3;756510.00;.00;756510.00"
"netsuite;vonderk;2026-07-20 14:23;350441;FC A-00007-00048589;4041;03/07/2026;02/08/2026;Factura de venta;Abierta;PLAZO 30 DIAS;Peso Argentino;1.00;3;593128.00;.00;593128.00"
"netsuite;vonderk;2026-07-20 14:23;350443;FC A-00007-00048590;3750;03/07/2026;02/08/2026;Factura de venta;Abierta;PLAZO 30 DIAS;Peso Argentino;1.00;3;474698.85;.00;474698.85"
"netsuite;vonderk;2026-07-20 14:23;350471;FC A-00007-00048599;4173;03/07/2026;02/08/2026;Factura de venta;Abierta;PLAZO 30 DIAS;Peso Argentino;1.00;3;262291.16;.00;262291.16"
"netsuite;vonderk;2026-07-20 14:23;350473;FC A-00007-00048601;3812;03/07/2026;02/08/2026;Factura de venta;Abierta;PLAZO 30 DIAS;Peso Argentino;1.00;3;997596.60;.00;997596.60"
"netsuite;vonderk;2026-07-20 14:23;350598;FC A-00007-00048602;3816;03/07/2026;02/08/2026;Factura de venta;Abierta;PLAZO 30 DIAS;Peso Argentino;1.00;3;898933.20;.00;898933.20"
"netsuite;vonderk;2026-07-20 14:23;350602;FC A-00007-00048603;3811;03/07/2026;02/08/2026;Factura de venta;Abierta;PLAZO 30 DIAS;Peso Argentino;1.00;3;306952.80;.00;306952.80"
"netsuite;vonderk;2026-07-20 14:23;350632;FC A-00007-00048612;3720;03/07/2026;02/08/2026;Factura de venta;Abierta;PLAZO 30 DIAS;Peso Argentino;1.00;3;175915.00;.00;175915.00"
"netsuite;vonderk;2026-07-20 14:23;350640;FC A-00007-00048617;14071;03/07/2026;02/08/2026;Factura de venta;Abierta;PLAZO 30 DIAS;Peso Argentino;1.00;3;183501.24;.00;183501.24"
"netsuite;vonderk;2026-07-20 14:23;350642;FC A-00007-00048619;3878;03/07/2026;02/08/2026;Factura de venta;Abierta;PLAZO 30 DIAS;Peso Argentino;1.00;3;355839.05;.00;355839.05"
"netsuite;vonderk;2026-07-20 14:23;350643;FC A-00007-00048620;13609;03/07/2026;01/09/2026;Factura de venta;Abierta;PLAZO 60 DIAS;Peso Argentino;1.00;3;223079.86;.00;223079.86"
"netsuite;vonderk;2026-07-20 14:23;363109;FC A-00007-00000094;;03/07/2026;03/07/2026;Factura;Abierta;Tarjeta de Crédito;Peso Argentino;1.00;3;2683600.00;.00;2683600.00"
"netsuite;vonderk;2026-07-20 14:23;363508;FC A-00002-00563942;;03/07/2026;02/08/2026;Factura;Abierta;PLAZO 30 DIAS;Peso Argentino;1.00;6;50640.00;.00;50640.00"
"netsuite;vonderk;2026-07-20 14:23;363512;FC A-00002-00563940;;03/07/2026;02/08/2026;Factura;Abierta;PLAZO 30 DIAS;Peso Argentino;1.00;6;50640.00;.00;50640.00"
"netsuite;vonderk;2026-07-20 14:23;363513;FC A-00002-00563941;;03/07/2026;02/08/2026;Factura;Abierta;PLAZO 30 DIAS;Peso Argentino;1.00;6;50640.00;.00;50640.00"
"netsuite;vonderk;2026-07-20 14:23;348876;MEX-9900022323;13725;02/07/2026;09/07/2026;Factura de venta;Abierta;PLAZO 7 DIAS;Peso Argentino;1.00;11;510802.87;.00;510802.87"
"netsuite;vonderk;2026-07-20 14:23;348893;MEX-9900022338;3777;02/07/2026;09/07/2026;Factura de venta;Abierta;PLAZO 7 DIAS;Peso Argentino;1.00;11;380595.50;.00;380595.50"
"netsuite;vonderk;2026-07-20 14:23;348906;MEX-9900022344;3853;02/07/2026;09/07/2026;Factura de venta;Abierta;PLAZO 7 DIAS;Peso Argentino;1.00;11;57078.00;.00;57078.00"
"netsuite;vonderk;2026-07-20 14:23;348910;MEX-9900022345;3854;02/07/2026;09/07/2026;Factura de venta;Abierta;PLAZO 7 DIAS;Peso Argentino;1.00;11;44394.00;.00;44394.00"
"netsuite;vonderk;2026-07-20 14:23;348920;MEX-9900022350;3720;02/07/2026;09/07/2026;Factura de venta;Abierta;PLAZO 7 DIAS;Peso Argentino;1.00;11;177047.50;.00;177047.50"
"netsuite;vonderk;2026-07-20 14:23;348932;MEX-9900022351;3777;02/07/2026;09/07/2026;Factura de venta;Abierta;PLAZO 7 DIAS;Peso Argentino;1.00;11;134390.00;.00;134390.00"
"netsuite;vonderk;2026-07-20 14:23;349147;FC A-00007-00048565;3862;02/07/2026;01/08/2026;Factura de venta;Abierta;PLAZO 30 DIAS;Peso Argentino;1.00;3;1149261.00;.00;1149261.00"
"netsuite;vonderk;2026-07-20 14:23;349161;FC A-00007-00048569;3866;02/07/2026;01/08/2026;Factura de venta;Abierta;PLAZO 30 DIAS;Peso Argentino;1.00;3;49581.76;.00;49581.76"
"netsuite;vonderk;2026-07-20 14:23;349171;FC A-00007-00048577;3720;02/07/2026;01/08/2026;Factura de venta;Abierta;PLAZO 30 DIAS;Peso Argentino;1.00;3;144658.00;.00;144658.00"
"netsuite;vonderk;2026-07-20 14:23;349172;FC A-00007-00048578;3720;02/07/2026;01/08/2026;Factura de venta;Abierta;PLAZO 30 DIAS;Peso Argentino;1.00;3;254661.50;.00;254661.50"
"netsuite;vonderk;2026-07-20 14:23;349173;FC A-00007-00048579;3878;02/07/2026;01/08/2026;Factura de venta;Abierta;PLAZO 30 DIAS;Peso Argentino;1.00;3;80030.00;.00;80030.00"
"netsuite;vonderk;2026-07-20 14:23;360789;FC A-00014-01461328;;02/07/2026;01/08/2026;Factura;Abierta;PLAZO 30 DIAS;Peso Argentino;1.00;3;93980.38;.00;93980.38"
"netsuite;vonderk;2026-07-20 14:23;348113;MEX-9900022312;3680;01/07/2026;08/07/2026;Factura de venta;Abierta;PLAZO 7 DIAS;Peso Argentino;1.00;11;215490.00;.00;215490.00"
"netsuite;vonderk;2026-07-20 14:23;348115;MEX-9900022313;3924;01/07/2026;08/07/2026;Factura de venta;Abierta;PLAZO 7 DIAS;Peso Argentino;1.00;11;253125.00;.00;253125.00"
"netsuite;vonderk;2026-07-20 14:23;348275;FC A-00007-00048550;3843;01/07/2026;31/07/2026;Factura de venta;Abierta;PLAZO 30 DIAS;Peso Argentino;1.00;3;190529.63;.00;190529.63"
"netsuite;vonderk;2026-07-20 14:23;360768;FC C-00003-00053335;;01/07/2026;31/07/2026;Factura;Abierta;PLAZO 30 DIAS;Peso Argentino;1.00;6;235500.00;.00;235500.00"
"netsuite;vonderk;2026-07-20 14:23;360797;FC A-00011-00019778;;01/07/2026;31/07/2026;Factura;Abierta;PLAZO 30 DIAS;Peso Argentino;1.00;3;121936.96;.00;121936.96"
"netsuite;vonderk;2026-07-20 14:23;362748;26001IC04128348V;;01/07/2026;31/07/2026;Factura;Abierta;PLAZO 30 DIAS;Peso Argentino;1.00;3;30352545.60;.00;30352545.60"
"netsuite;vonderk;2026-07-20 14:23;362902;FC A-00004-06507288;;01/07/2026;31/07/2026;Factura;Abierta;PLAZO 30 DIAS;Peso Argentino;1.00;3;1537873.44;.00;1537873.44"
"netsuite;vonderk;2026-07-20 14:23;362935;NC A-00007-06505722;;01/07/2026;;Crédito de factura;;;Peso Argentino;1.00;3;-404235.01;.00;404235.01"
"netsuite;vonderk;2026-07-20 14:23;345551;MEX-9900022271;3640;30/06/2026;07/07/2026;Factura de venta;Abierta;PLAZO 7 DIAS;Peso Argentino;1.00;11;222306.48;.00;222306.48"
"netsuite;vonderk;2026-07-20 14:23;345555;MEX-9900022275;13718;30/06/2026;07/07/2026;Factura de venta;Abierta;PLAZO 7 DIAS;Peso Argentino;1.00;11;679582.15;.00;679582.15"
"netsuite;vonderk;2026-07-20 14:23;345562;MEX-9900022282;3810;30/06/2026;07/07/2026;Factura de venta;Abierta;PLAZO 7 DIAS;Peso Argentino;1.00;11;3230642.67;.00;3230642.67"
"netsuite;vonderk;2026-07-20 14:23;345565;MEX-9900022285;3924;30/06/2026;07/07/2026;Factura de venta;Abierta;PLAZO 7 DIAS;Peso Argentino;1.00;11;3781467.95;.00;3781467.95"
"netsuite;vonderk;2026-07-20 14:23;345566;MEX-9900022286;3811;30/06/2026;07/07/2026;Factura de venta;Abierta;PLAZO 7 DIAS;Peso Argentino;1.00;11;432055.00;.00;432055.00"
"netsuite;vonderk;2026-07-20 14:23;345591;MEX-9900022295;3640;30/06/2026;07/07/2026;Factura de venta;Abierta;PLAZO 7 DIAS;Peso Argentino;1.00;11;334880.00;.00;334880.00"
"netsuite;vonderk;2026-07-20 14:23;345592;MEX-9900022296;3640;30/06/2026;07/07/2026;Factura de venta;Abierta;PLAZO 7 DIAS;Peso Argentino;1.00;11;170056.25;.00;170056.25"
"netsuite;vonderk;2026-07-20 14:23;345593;MEX-9900022297;3640;30/06/2026;07/07/2026;Factura de venta;Abierta;PLAZO 7 DIAS;Peso Argentino;1.00;11;350577.50;.00;350577.50"
"netsuite;vonderk;2026-07-20 14:23;345594;MEX-9900022298;3924;30/06/2026;07/07/2026;Factura de venta;Abierta;PLAZO 7 DIAS;Peso Argentino;1.00;11;359996.00;.00;359996.00"
"netsuite;vonderk;2026-07-20 14:23;345599;FC A-00007-00048440;4041;30/06/2026;30/07/2026;Factura de venta;Abierta;PLAZO 30 DIAS;Peso Argentino;1.00;3;1943259.91;.00;1943259.91"
"netsuite;vonderk;2026-07-20 14:23;345711;FC A-00002-00000318;13620;30/06/2026;30/07/2026;Factura de venta;Abierta;PLAZO 30 DIAS;Peso Argentino;1.00;6;55415392.11;51500000.00;3915392.11"
"netsuite;vonderk;2026-07-20 14:23;345723;FC A-00002-00000318;;30/06/2026;30/07/2026;Factura;Abierta;PLAZO 30 DIAS;Peso Argentino;1.00;3;55415392.11;51500000.00;3915392.11"
"netsuite;vonderk;2026-07-20 14:23;345733;FC A-00007-00048459;4047;30/06/2026;30/07/2026;Factura de venta;Abierta;PLAZO 30 DIAS;Peso Argentino;1.00;3;472497.74;.00;472497.74"
"netsuite;vonderk;2026-07-20 14:23;345750;FC A-00007-00048468;3985;30/06/2026;30/07/2026;Factura de venta;Abierta;PLAZO 30 DIAS;Peso Argentino;1.00;3;995711.11;.00;995711.11"
"netsuite;vonderk;2026-07-20 14:23;345753;FC A-00007-00048470;3671;30/06/2026;30/07/2026;Factura de venta;Abierta;PLAZO 30 DIAS;Peso Argentino;1.00;3;1983850.37;.00;1983850.37"
"netsuite;vonderk;2026-07-20 14:23;345757;FC A-00007-00048473;4041;30/06/2026;30/07/2026;Factura de venta;Abierta;PLAZO 30 DIAS;Peso Argentino;1.00;3;2757668.19;.00;2757668.19"
"netsuite;vonderk;2026-07-20 14:23;345765;FC A-00007-00048479;3702;30/06/2026;30/07/2026;Factura de venta;Abierta;PLAZO 30 DIAS;Peso Argentino;1.00;3;1008959.96;.00;1008959.96"
"netsuite;vonderk;2026-07-20 14:23;345772;FC A-00007-00048484;3811;30/06/2026;30/07/2026;Factura de venta;Abierta;PLAZO 30 DIAS;Peso Argentino;1.00;3;227023.23;.00;227023.23"
"netsuite;vonderk;2026-07-20 14:23;345786;FC A-00007-00048494;3813;30/06/2026;29/08/2026;Factura de venta;Abierta;PLAZO 60 DIAS;Peso Argentino;1.00;3;833112.83;.00;833112.83"
"netsuite;vonderk;2026-07-20 14:23;345787;FC A-00007-00048495;3825;30/06/2026;30/07/2026;Factura de venta;Abierta;PLAZO 30 DIAS;Peso Argentino;1.00;3;655020.80;.00;655020.80"
"netsuite;vonderk;2026-07-20 14:23;345788;FC A-00007-00048496;3813;30/06/2026;29/08/2026;Factura de venta;Abierta;PLAZO 60 DIAS;Peso Argentino;1.00;3;416822.78;.00;416822.78"
"netsuite;vonderk;2026-07-20 14:23;345790;FC A-00007-00048498;4466;30/06/2026;29/08/2026;Factura de venta;Abierta;PLAZO 60 DIAS;Peso Argentino;1.00;3;1290758.16;.00;1290758.16"
"netsuite;vonderk;2026-07-20 14:23;345793;FC A-00007-00048500;4041;30/06/2026;30/07/2026;Factura de venta;Abierta;PLAZO 30 DIAS;Peso Argentino;1.00;3;675998.04;.00;675998.04"
"netsuite;vonderk;2026-07-20 14:23;345794;FC A-00007-00048501;3702;30/06/2026;30/07/2026;Factura de venta;Abierta;PLAZO 30 DIAS;Peso Argentino;1.00;3;1887100.08;.00;1887100.08"
"netsuite;vonderk;2026-07-20 14:23;345795;FC A-00007-00048502;3845;30/06/2026;30/07/2026;Factura de venta;Abierta;PLAZO 30 DIAS;Peso Argentino;1.00;3;1813725.63;.00;1813725.63"
"netsuite;vonderk;2026-07-20 14:23;345800;FC A-00007-00048505;3702;30/06/2026;30/07/2026;Factura de venta;Abierta;PLAZO 30 DIAS;Peso Argentino;1.00;3;1084934.60;.00;1084934.60"
"netsuite;vonderk;2026-07-20 14:23;345801;FC A-00007-00048506;3941;30/06/2026;30/07/2026;Factura de venta;Abierta;PLAZO 30 DIAS;Peso Argentino;1.00;3;1177626.45;.00;1177626.45"
"netsuite;vonderk;2026-07-20 14:23;345802;FC A-00007-00048507;13879;30/06/2026;30/07/2026;Factura de venta;Abierta;PLAZO 30 DIAS;Peso Argentino;1.00;3;2473739.14;.00;2473739.14"
"netsuite;vonderk;2026-07-20 14:23;345803;FC A-00007-00048508;13879;30/06/2026;29/08/2026;Factura de venta;Abierta;PLAZO 60 DIAS;Peso Argentino;1.00;3;171850.25;.00;171850.25"
"netsuite;vonderk;2026-07-20 14:23;345804;FC A-00007-00048509;3953;30/06/2026;30/07/2026;Factura de venta;Abierta;PLAZO 30 DIAS;Peso Argentino;1.00;3;388435.84;.00;388435.84"
"netsuite;vonderk;2026-07-20 14:23;346634;MEX-9900022305;4069;30/06/2026;07/07/2026;Factura de venta;Abierta;PLAZO 7 DIAS;Peso Argentino;1.00;11;767234.00;.00;767234.00"
"netsuite;vonderk;2026-07-20 14:23;346635;MEX-9900022306;3810;30/06/2026;07/07/2026;Factura de venta;Abierta;PLAZO 7 DIAS;Peso Argentino;1.00;11;1163724.44;.00;1163724.44"
"netsuite;vonderk;2026-07-20 14:23;346636;MEX-9900022307;3923;30/06/2026;07/07/2026;Factura de venta;Abierta;PLAZO 7 DIAS;Peso Argentino;1.00;11;889772.42;.00;889772.42"
"netsuite;vonderk;2026-07-20 14:23;346638;MEX-9900022309;3931;30/06/2026;07/07/2026;Factura de venta;Abierta;PLAZO 7 DIAS;Peso Argentino;1.00;11;4173759.69;.00;4173759.69"
"netsuite;vonderk;2026-07-20 14:23;346639;FC A-00007-00048516;3737;30/06/2026;30/07/2026;Factura de venta;Abierta;PLAZO 30 DIAS;Peso Argentino;1.00;3;97791.84;.00;97791.84"
"netsuite;vonderk;2026-07-20 14:23;346640;FC A-00007-00048517;3697;30/06/2026;30/07/2026;Factura de venta;Abierta;PLAZO 30 DIAS;Peso Argentino;1.00;3;582301.01;.00;582301.01"
"netsuite;vonderk;2026-07-20 14:23;346653;FC A-00007-00048528;3816;30/06/2026;30/07/2026;Factura de venta;Abierta;PLAZO 30 DIAS;Peso Argentino;1.00;3;2977495.52;.00;2977495.52"
"netsuite;vonderk;2026-07-20 14:23;346654;FC A-00007-00048529;3812;30/06/2026;30/07/2026;Factura de venta;Abierta;PLAZO 30 DIAS;Peso Argentino;1.00;3;1034357.63;.00;1034357.63"
"netsuite;vonderk;2026-07-20 14:23;346655;FC A-00007-00048530;3812;30/06/2026;30/07/2026;Factura de venta;Abierta;PLAZO 30 DIAS;Peso Argentino;1.00;3;463452.99;.00;463452.99"
"netsuite;vonderk;2026-07-20 14:23;346657;FC A-00007-00048532;3887;30/06/2026;30/07/2026;Factura de venta;Abierta;PLAZO 30 DIAS;Peso Argentino;1.00;3;845503.23;.00;845503.23"
"netsuite;vonderk;2026-07-20 14:23;346665;FC A-00007-00048537;13609;30/06/2026;29/08/2026;Factura de venta;Abierta;PLAZO 60 DIAS;Peso Argentino;1.00;3;2287602.98;.00;2287602.98"
"netsuite;vonderk;2026-07-20 14:23;347847;ASI_ME-521;;30/06/2026;;Asiento;Aprobado para contabilización;;Peso Argentino;1.00;3;-8436438.86;.00;8436438.86"
"netsuite;vonderk;2026-07-20 14:23;349153;FC A-00020-00254221;;30/06/2026;30/07/2026;Factura;Abierta;PLAZO 30 DIAS;Peso Argentino;1.00;3;66984.16;.00;66984.16"
"netsuite;vonderk;2026-07-20 14:23;349621;FC A-05027-00267126;;30/06/2026;30/07/2026;Factura;Abierta;PLAZO 30 DIAS;Peso Argentino;1.00;3;14238.15;.00;14238.15"
"netsuite;vonderk;2026-07-20 14:23;349628;FC A-05014-01329160;;30/06/2026;30/07/2026;Factura;Abierta;PLAZO 30 DIAS;Peso Argentino;1.00;3;149755.48;.00;149755.48"
"netsuite;vonderk;2026-07-20 14:23;357885;2511100401-MT;;30/06/2026;30/07/2026;Factura;Abierta;PLAZO 30 DIAS;US Dollar;1495.00;3;3109600.00;.00;3109600.00"
"netsuite;vonderk;2026-07-20 14:23;358356;FC A-00050-05313021;;30/06/2026;30/07/2026;Factura;Abierta;PLAZO 30 DIAS;Peso Argentino;1.00;3;27693.49;.00;27693.49"
"netsuite;vonderk;2026-07-20 14:23;359514;FC A-00010-00013398;;30/06/2026;30/06/2026;Factura;Abierta;Contado;Peso Argentino;1.00;3;40061.98;.00;40061.98"
"netsuite;vonderk;2026-07-20 14:23;359633;FC A-00001-00102298;;30/06/2026;30/06/2026;Factura;Abierta;Contado;Peso Argentino;1.00;3;17535.04;.00;17535.04"
"netsuite;vonderk;2026-07-20 14:23;361799;2605190471-DH;;30/06/2026;30/07/2026;Factura;Abierta;PLAZO 30 DIAS;US Dollar;1495.00;3;29458975.00;.00;29458975.00"
"netsuite;vonderk;2026-07-20 14:23;363343;000A00003547;;30/06/2026;30/07/2026;Factura;Abierta;PLAZO 30 DIAS;US Dollar;40.14;10;1209023.709;.00;1209023.709"
"netsuite;vonderk;2026-07-20 14:23;363354;000A00003548;;30/06/2026;30/07/2026;Factura;Abierta;PLAZO 30 DIAS;US Dollar;40.14;10;2120408.688;.00;2120408.688"
"netsuite;vonderk;2026-07-20 14:23;343988;MEX-9900022257;3720;29/06/2026;06/07/2026;Factura de venta;Abierta;PLAZO 7 DIAS;Peso Argentino;1.00;11;81627.00;.00;81627.00"
"netsuite;vonderk;2026-07-20 14:23;344003;MEX-9900022264;3924;29/06/2026;06/07/2026;Factura de venta;Abierta;PLAZO 7 DIAS;Peso Argentino;1.00;11;175812.00;.00;175812.00"
"netsuite;vonderk;2026-07-20 14:23;344018;MEX-9900022269;3860;29/06/2026;06/07/2026;Factura de venta;Abierta;PLAZO 7 DIAS;Peso Argentino;1.00;11;66721.85;.00;66721.85"
"netsuite;vonderk;2026-07-20 14:23;344040;FC A-00007-00048398;3825;29/06/2026;29/07/2026;Factura de venta;Abierta;PLAZO 30 DIAS;Peso Argentino;1.00;3;1052193.86;.00;1052193.86"
"netsuite;vonderk;2026-07-20 14:23;344044;FC A-00007-00048401;3811;29/06/2026;29/07/2026;Factura de venta;Abierta;PLAZO 30 DIAS;Peso Argentino;1.00;3;159187.60;.00;159187.60"
"netsuite;vonderk;2026-07-20 14:23;344049;FC A-00007-00048404;3813;29/06/2026;29/07/2026;Factura de venta;Abierta;PLAZO 30 DIAS;Peso Argentino;1.00;3;236791.56;.00;236791.56"
"netsuite;vonderk;2026-07-20 14:23;344050;FC A-00007-00048405;4466;29/06/2026;29/07/2026;Factura de venta;Abierta;PLAZO 30 DIAS;Peso Argentino;1.00;3;880139.47;.00;880139.47"
"netsuite;vonderk;2026-07-20 14:23;344053;FC A-00007-00048406;3816;29/06/2026;29/07/2026;Factura de venta;Abierta;PLAZO 30 DIAS;Peso Argentino;1.00;3;1301624.74;.00;1301624.74"
"netsuite;vonderk;2026-07-20 14:23;344057;FC A-00007-00048407;3813;29/06/2026;29/07/2026;Factura de venta;Abierta;PLAZO 30 DIAS;Peso Argentino;1.00;3;226661.44;.00;226661.44"
"netsuite;vonderk;2026-07-20 14:23;344077;FC A-00007-00048408;3737;29/06/2026;29/07/2026;Factura de venta;Abierta;PLAZO 30 DIAS;Peso Argentino;1.00;3;1985503.53;.00;1985503.53"
"netsuite;vonderk;2026-07-20 14:23;344079;FC A-00007-00048409;3737;29/06/2026;29/07/2026;Factura de venta;Abierta;PLAZO 30 DIAS;Peso Argentino;1.00;3;138022.89;.00;138022.89"
"netsuite;vonderk;2026-07-20 14:23;344181;FC A-00007-00048410;3686;29/06/2026;29/07/2026;Factura de venta;Abierta;PLAZO 30 DIAS;Peso Argentino;1.00;3;573972.82;.00;573972.82"
"netsuite;vonderk;2026-07-20 14:23;344182;FC A-00007-00048411;3878;29/06/2026;29/07/2026;Factura de venta;Abierta;PLAZO 30 DIAS;Peso Argentino;1.00;3;2116005.44;217767.31;1898238.13"
"netsuite;vonderk;2026-07-20 14:23;344184;FC A-00007-00048412;3878;29/06/2026;29/07/2026;Factura de venta;Abierta;PLAZO 30 DIAS;Peso Argentino;1.00;3;1968728.12;196872.81;1771855.31"
"netsuite;vonderk;2026-07-20 14:23;344185;FC A-00007-00048413;3878;29/06/2026;29/07/2026;Factura de venta;Abierta;PLAZO 30 DIAS;Peso Argentino;1.00;3;845048.75;84504.88;760543.87"
"netsuite;vonderk;2026-07-20 14:23;344186;FC A-00007-00048414;3878;29/06/2026;29/07/2026;Factura de venta;Abierta;PLAZO 30 DIAS;Peso Argentino;1.00;3;682841.25;68284.12;614557.13"
"netsuite;vonderk;2026-07-20 14:23;344193;FC A-00007-00048416;3737;29/06/2026;29/07/2026;Factura de venta;Abierta;PLAZO 30 DIAS;Peso Argentino;1.00;3;120295.18;.00;120295.18"
"netsuite;vonderk;2026-07-20 14:23;344199;FC A-00007-00048420;3737;29/06/2026;29/07/2026;Factura de venta;Abierta;PLAZO 30 DIAS;Peso Argentino;1.00;3;278578.30;.00;278578.30"
"netsuite;vonderk;2026-07-20 14:23;344204;FC A-00007-00048422;13609;29/06/2026;28/08/2026;Factura de venta;Abierta;PLAZO 60 DIAS;Peso Argentino;1.00;3;2013392.75;.00;2013392.75"
"netsuite;vonderk;2026-07-20 14:23;344209;FC A-00007-00048426;3878;29/06/2026;29/07/2026;Factura de venta;Abierta;PLAZO 30 DIAS;Peso Argentino;1.00;3;464646.00;.00;464646.00"
"netsuite;vonderk;2026-07-20 14:23;344212;FC A-00007-00048428;3931;29/06/2026;28/08/2026;Factura de venta;Abierta;PLAZO 60 DIAS;Peso Argentino;1.00;3;426731.31;.00;426731.31"
"netsuite;vonderk;2026-07-20 14:23;344213;FC A-00007-00048429;3671;29/06/2026;29/07/2026;Factura de venta;Abierta;PLAZO 30 DIAS;Peso Argentino;1.00;3;1038163.59;.00;1038163.59"
"netsuite;vonderk;2026-07-20 14:23;344220;FC A-00007-00048433;3825;29/06/2026;29/07/2026;Factura de venta;Abierta;PLAZO 30 DIAS;Peso Argentino;1.00;3;317651.62;.00;317651.62"
"netsuite;vonderk;2026-07-20 14:23;344225;FC A-00007-00048436;3864;29/06/2026;29/07/2026;Factura de venta;Abierta;PLAZO 30 DIAS;Peso Argentino;1.00;3;719169.12;.00;719169.12"
"netsuite;vonderk;2026-07-20 14:23;344227;FC A-00007-00048437;3662;29/06/2026;29/07/2026;Factura de venta;Abierta;PLAZO 30 DIAS;Peso Argentino;1.00;3;2644150.44;2569527.21;74623.23"
"netsuite;vonderk;2026-07-20 14:23;344853;FC A-00007-00009015;;29/06/2026;23/06/2026;Factura;Abierta;PLAZO 30 DIAS;Peso Argentino;1.00;3;13000.00;.00;13000.00"
"netsuite;vonderk;2026-07-20 14:23;345013;2601050432-LD;;29/06/2026;29/07/2026;Factura;Abierta;PLAZO 30 DIAS;US Dollar;1495.00;3;26171948.40;26125125.00;46823.40"
"netsuite;vonderk;2026-07-20 14:23;345743;2601050432-LD;;29/06/2026;;Crédito de factura;;;US Dollar;1495.00;3;-46823.40;.00;46823.40"
"netsuite;vonderk;2026-07-20 14:23;346441;FC A-00008-00025914;;29/06/2026;29/07/2026;Factura;Abierta;PLAZO 30 DIAS;Peso Argentino;1.00;3;1755645.00;.00;1755645.00"
"netsuite;vonderk;2026-07-20 14:23;357904;2511130408-XL;;29/06/2026;29/07/2026;Factura;Abierta;PLAZO 30 DIAS;US Dollar;1495.00;3;12370811.05;.00;12370811.05"
"netsuite;vonderk;2026-07-20 14:23;359118;2510270397/404 FY;;29/06/2026;29/07/2026;Factura;Abierta;PLAZO 30 DIAS;US Dollar;1495.00;3;21749409.50;.00;21749409.50"
"netsuite;vonderk;2026-07-20 14:23;344870;FC A-01669-00010058;;28/06/2026;28/07/2026;Factura;Abierta;PLAZO 30 DIAS;Peso Argentino;1.00;3;480549.34;.00;480549.34"
"netsuite;vonderk;2026-07-20 14:23;350645;FC A-02045-00001154;;28/06/2026;28/07/2026;Factura;Abierta;PLAZO 30 DIAS;Peso Argentino;1.00;3;960893.41;.00;960893.41"
"netsuite;vonderk;2026-07-20 14:23;349620;FC A-00700-03294714;;27/06/2026;27/07/2026;Factura;Abierta;PLAZO 30 DIAS;Peso Argentino;1.00;3;121721.90;.00;121721.90"
"netsuite;vonderk;2026-07-20 14:23;342486;MEX-9900022236;3923;26/06/2026;03/07/2026;Factura de venta;Abierta;PLAZO 7 DIAS;Peso Argentino;1.00;11;1194032.58;.00;1194032.58"
"netsuite;vonderk;2026-07-20 14:23;342487;MEX-9900022237;3926;26/06/2026;03/07/2026;Factura de venta;Abierta;PLAZO 7 DIAS;Peso Argentino;1.00;11;1301591.85;.00;1301591.85"
"netsuite;vonderk;2026-07-20 14:23;342510;MEX-9900022245;3720;26/06/2026;03/07/2026;Factura de venta;Abierta;PLAZO 7 DIAS;Peso Argentino;1.00;11;354554.20;.00;354554.20"
"netsuite;vonderk;2026-07-20 14:23;342511;MEX-9900022246;3720;26/06/2026;03/07/2026;Factura de venta;Abierta;PLAZO 7 DIAS;Peso Argentino;1.00;11;415983.75;.00;415983.75"
"netsuite;vonderk;2026-07-20 14:23;342512;MEX-9900022247;14098;26/06/2026;03/07/2026;Factura de venta;Abierta;PLAZO 7 DIAS;Peso Argentino;1.00;11;4721434.25;.00;4721434.25"
"netsuite;vonderk;2026-07-20 14:23;342514;MEX-9900022249;3720;26/06/2026;03/07/2026;Factura de venta;Abierta;PLAZO 7 DIAS;Peso Argentino;1.00;11;229183.50;.00;229183.50"
"netsuite;vonderk;2026-07-20 14:23;342618;MEX-9900022252;13943;26/06/2026;03/07/2026;Factura de venta;Abierta;PLAZO 7 DIAS;Peso Argentino;1.00;11;519602.20;.00;519602.20"
"netsuite;vonderk;2026-07-20 14:23;342620;MEX-9900022253;13943;26/06/2026;03/07/2026;Factura de venta;Abierta;PLAZO 7 DIAS;Peso Argentino;1.00;11;719394.00;.00;719394.00"
"netsuite;vonderk;2026-07-20 14:23;342660;FC A-00007-00048366;3813;26/06/2026;26/07/2026;Factura de venta;Abierta;PLAZO 30 DIAS;Peso Argentino;1.00;3;1087088.51;.00;1087088.51"
"netsuite;vonderk;2026-07-20 14:23;342815;FC A-00007-00048392;3931;26/06/2026;25/08/2026;Factura de venta;Abierta;PLAZO 60 DIAS;Peso Argentino;1.00;3;4202019.08;.00;4202019.08"
"netsuite;vonderk;2026-07-20 14:23;343388;FC A-00126-00646640;;26/06/2026;26/07/2026;Factura;Abierta;PLAZO 30 DIAS;Peso Argentino;1.00;3;29573.55;.00;29573.55"
"netsuite;vonderk;2026-07-20 14:23;344848;FC A-00189-00000599;;26/06/2026;26/07/2026;Factura;Abierta;PLAZO 30 DIAS;Peso Argentino;1.00;3;92915.08;.00;92915.08"
"netsuite;vonderk;2026-07-20 14:23;349357;FC A-00006-00002225;;26/06/2026;26/06/2026;Factura;Abierta;Contado;Peso Argentino;1.00;3;1390749.14;.00;1390749.14"
"netsuite;vonderk;2026-07-20 14:23;359090;2512180430;;26/06/2026;26/07/2026;Factura;Abierta;PLAZO 30 DIAS;US Dollar;1495.00;3;75731676.80;.00;75731676.80"
"netsuite;vonderk;2026-07-20 14:23;340881;MEX-9900022207;3720;25/06/2026;02/07/2026;Factura de venta;Abierta;PLAZO 7 DIAS;Peso Argentino;1.00;11;207775.10;.00;207775.10"
"netsuite;vonderk;2026-07-20 14:23;340885;26UYOC74-OV74;;25/06/2026;25/07/2026;Factura;Abierta;PLAZO 30 DIAS;US Dollar;40.125;10;1836452.437;.00;1836452.437"
"netsuite;vonderk;2026-07-20 14:23;340906;MEX-9900022210;3859;25/06/2026;02/07/2026;Factura de venta;Abierta;PLAZO 7 DIAS;Peso Argentino;1.00;11;104650.00;1206.40;103443.60"
"netsuite;vonderk;2026-07-20 14:23;340937;MEX-9900022224;3920;25/06/2026;02/07/2026;Factura de venta;Abierta;PLAZO 7 DIAS;Peso Argentino;1.00;11;319332.00;.00;319332.00"
"netsuite;vonderk;2026-07-20 14:23;340939;MEX-9900022226;13725;25/06/2026;02/07/2026;Factura de venta;Abierta;PLAZO 7 DIAS;Peso Argentino;1.00;11;453672.70;.00;453672.70"
"netsuite;vonderk;2026-07-20 14:23;341062;FC A-00007-00048310;4721;25/06/2026;25/07/2026;Factura de venta;Abierta;PLAZO 30 DIAS;Peso Argentino;1.00;3;3532589.91;1054597.65;2477992.26"
"netsuite;vonderk;2026-07-20 14:23;341065;FC A-00007-00048313;3737;25/06/2026;25/07/2026;Factura de venta;Abierta;PLAZO 30 DIAS;Peso Argentino;1.00;3;857894.54;.00;857894.54"
"netsuite;vonderk;2026-07-20 14:23;341068;FC A-00007-00048315;3813;25/06/2026;25/07/2026;Factura de venta;Abierta;PLAZO 30 DIAS;Peso Argentino;1.00;3;20260.24;.00;20260.24"
"netsuite;vonderk;2026-07-20 14:23;341087;26UYOC75-OV75;;25/06/2026;25/07/2026;Factura;Abierta;PLAZO 30 DIAS;US Dollar;40.125;10;2479711.998;.00;2479711.998"
"netsuite;vonderk;2026-07-20 14:23;341103;FC A-00007-00048327;13609;25/06/2026;24/08/2026;Factura de venta;Abierta;PLAZO 60 DIAS;Peso Argentino;1.00;3;517094.49;.00;517094.49"
"netsuite;vonderk;2026-07-20 14:23;341106;FC A-00007-00048328;3864;25/06/2026;25/07/2026;Factura de venta;Abierta;PLAZO 30 DIAS;Peso Argentino;1.00;3;753833.37;.00;753833.37"
"netsuite;vonderk;2026-07-20 14:23;341110;FC A-00007-00048330;3839;25/06/2026;24/08/2026;Factura de venta;Abierta;PLAZO 60 DIAS;Peso Argentino;1.00;3;2355252.91;.00;2355252.91"
"netsuite;vonderk;2026-07-20 14:23;341111;FC A-00007-00048331;3671;25/06/2026;25/07/2026;Factura de venta;Abierta;PLAZO 30 DIAS;Peso Argentino;1.00;3;1511769.71;.00;1511769.71"
"netsuite;vonderk;2026-07-20 14:23;341130;FC A-00007-00048339;3702;25/06/2026;25/07/2026;Factura de venta;Abierta;PLAZO 30 DIAS;Peso Argentino;1.00;3;443667.87;.00;443667.87"
"netsuite;vonderk;2026-07-20 14:23;341134;FC A-00007-00048342;3866;25/06/2026;25/07/2026;Factura de venta;Abierta;PLAZO 30 DIAS;Peso Argentino;1.00;3;1610469.31;.00;1610469.31"
"netsuite;vonderk;2026-07-20 14:23;341135;FC A-00007-00048343;3864;25/06/2026;25/07/2026;Factura de venta;Abierta;PLAZO 30 DIAS;Peso Argentino;1.00;3;604351.78;.00;604351.78"
"netsuite;vonderk;2026-07-20 14:23;341156;FC A-00007-00048352;3813;25/06/2026;25/07/2026;Factura de venta;Abierta;PLAZO 30 DIAS;Peso Argentino;1.00;3;718171.24;.00;718171.24"
"netsuite;vonderk;2026-07-20 14:23;341695;E-FACTURA EXPORTACION A48;13343;25/06/2026;25/07/2026;Factura de venta;Abierta;PLAZO 30 DIAS;US Dollar;40.125;10;3998853.136;.00;3998853.136"
"netsuite;vonderk;2026-07-20 14:23;341696;E-FACTURA EXPORTACION A49;13353;25/06/2026;25/07/2026;Factura de venta;Abierta;PLAZO 30 DIAS;US Dollar;40.125;10;3052934.36;.00;3052934.36"
"netsuite;vonderk;2026-07-20 14:23;341809;NC A-00007-00001812;3941;25/06/2026;;Nota de crédito;Abierta;;Peso Argentino;1.00;3;-71225.08;.00;71225.08"
"netsuite;vonderk;2026-07-20 14:23;341810;NC A-00007-00001813;3702;25/06/2026;;Nota de crédito;Abierta;;Peso Argentino;1.00;3;-12625.79;.00;12625.79"
"netsuite;vonderk;2026-07-20 14:23;341815;NC A-00007-00001816;13935;25/06/2026;;Nota de crédito;Abierta;;Peso Argentino;1.00;3;-172936.06;.00;172936.06"
"netsuite;vonderk;2026-07-20 14:23;344861;FC A-05007-00027489;;25/06/2026;25/07/2026;Factura;Abierta;PLAZO 30 DIAS;Peso Argentino;1.00;3;125656.03;.00;125656.03"
"netsuite;vonderk;2026-07-20 14:23;339373;MEX-9900022185;3777;24/06/2026;01/07/2026;Factura de venta;Abierta;PLAZO 7 DIAS;Peso Argentino;1.00;11;201462.90;14541.21;186921.69"
"netsuite;vonderk;2026-07-20 14:23;339405;MEX-9900022190;3720;24/06/2026;01/07/2026;Factura de venta;Abierta;PLAZO 7 DIAS;Peso Argentino;1.00;11;593988.50;.00;593988.50"
"netsuite;vonderk;2026-07-20 14:23;339408;MEX-9900022192;3777;24/06/2026;01/07/2026;Factura de venta;Abierta;PLAZO 7 DIAS;Peso Argentino;1.00;11;409839.40;.00;409839.40"
"netsuite;vonderk;2026-07-20 14:23;339563;FC A-00007-00048285;3931;24/06/2026;23/08/2026;Factura de venta;Abierta;PLAZO 60 DIAS;Peso Argentino;1.00;3;2008669.00;.00;2008669.00"
"netsuite;vonderk;2026-07-20 14:23;339574;FC A-00007-00048295;3750;24/06/2026;24/07/2026;Factura de venta;Abierta;PLAZO 30 DIAS;Peso Argentino;1.00;3;265531.11;.00;265531.11"
"netsuite;vonderk;2026-07-20 14:23;339577;FC A-00007-00048297;3941;24/06/2026;24/07/2026;Factura de venta;Abierta;PLAZO 30 DIAS;Peso Argentino;1.00;3;1150971.36;.00;1150971.36"
"netsuite;vonderk;2026-07-20 14:23;339579;FC A-00007-00048298;3941;24/06/2026;24/07/2026;Factura de venta;Abierta;PLAZO 30 DIAS;Peso Argentino;1.00;3;265026.30;.00;265026.30"
"netsuite;vonderk;2026-07-20 14:23;339594;FC A-00007-00048303;3943;24/06/2026;24/07/2026;Factura de venta;Abierta;PLAZO 30 DIAS;Peso Argentino;1.00;3;600059.21;.00;600059.21"
"netsuite;vonderk;2026-07-20 14:23;358403;2511140418-OK;;24/06/2026;24/07/2026;Factura;Abierta;PLAZO 30 DIAS;US Dollar;1490.00;3;3146135.00;.00;3146135.00"
"netsuite;vonderk;2026-07-20 14:23;337986;MEX-9900022174;3720;23/06/2026;30/06/2026;Factura de venta;Abierta;PLAZO 7 DIAS;Peso Argentino;1.00;11;253820.00;.00;253820.00"
"netsuite;vonderk;2026-07-20 14:23;337992;MEX-9900022176;4069;23/06/2026;30/06/2026;Factura de venta;Abierta;PLAZO 7 DIAS;Peso Argentino;1.00;11;987456.00;244429.71;743026.29"
"netsuite;vonderk;2026-07-20 14:23;338001;MEX-9900022184;13725;23/06/2026;30/06/2026;Factura de venta;Abierta;PLAZO 7 DIAS;Peso Argentino;1.00;11;112036.00;.00;112036.00"
"netsuite;vonderk;2026-07-20 14:23;338023;FC A-00007-00048240;3815;23/06/2026;23/07/2026;Factura de venta;Abierta;PLAZO 30 DIAS;Peso Argentino;1.00;3;685948.03;.00;685948.03"
"netsuite;vonderk;2026-07-20 14:23;338134;FC A-00007-00048247;3702;23/06/2026;23/07/2026;Factura de venta;Abierta;PLAZO 30 DIAS;Peso Argentino;1.00;3;207598.86;.00;207598.86"
"netsuite;vonderk;2026-07-20 14:23;338161;FC A-00007-00048260;3941;23/06/2026;23/07/2026;Factura de venta;Abierta;PLAZO 30 DIAS;Peso Argentino;1.00;3;1165810.80;.00;1165810.80"
"netsuite;vonderk;2026-07-20 14:23;338163;FC A-00007-00048261;3953;23/06/2026;23/07/2026;Factura de venta;Abierta;PLAZO 30 DIAS;Peso Argentino;1.00;3;584552.93;.00;584552.93"
"netsuite;vonderk;2026-07-20 14:23;338730;FC E-00009-00000062;13353;23/06/2026;23/07/2026;Factura de venta;Abierta;PLAZO 30 DIAS;US Dollar;1480.00;3;1066843.20;.00;1066843.20"
"netsuite;vonderk;2026-07-20 14:23;338736;FC E-00009-00000063;13343;23/06/2026;23/07/2026;Factura de venta;Abierta;PLAZO 30 DIAS;US Dollar;1480.00;3;466792.00;.00;466792.00"
"netsuite;vonderk;2026-07-20 14:23;338855;FC E-00009-00000064;13343;23/06/2026;23/07/2026;Factura de venta;Abierta;PLAZO 30 DIAS;US Dollar;1480.00;3;2951712.00;.00;2951712.00"
"netsuite;vonderk;2026-07-20 14:23;342040;ND A-00001-00005578;;23/06/2026;23/07/2026;Factura;Abierta;PLAZO 30 DIAS;Peso Argentino;1.00;3;21254.10;21254.07;.03"
"netsuite;vonderk;2026-07-20 14:23;344857;FC A-00007-00009014;;23/06/2026;23/07/2026;Factura;Abierta;PLAZO 30 DIAS;Peso Argentino;1.00;3;128711.50;.00;128711.50"
"netsuite;vonderk;2026-07-20 14:23;358196;2512170429-LT-S;;23/06/2026;23/07/2026;Factura;Abierta;PLAZO 30 DIAS;US Dollar;1480.00;3;27147788.00;.00;27147788.00"
"netsuite;vonderk;2026-07-20 14:23;358401;2512010418-OK;;23/06/2026;23/07/2026;Factura;Abierta;PLAZO 30 DIAS;US Dollar;1480.00;3;13675200.00;.00;13675200.00"
"netsuite;vonderk;2026-07-20 14:23;336631;MEX-9900022158;3720;22/06/2026;29/06/2026;Factura de venta;Abierta;PLAZO 7 DIAS;Peso Argentino;1.00;11;980514.80;.00;980514.80"
"netsuite;vonderk;2026-07-20 14:23;336647;FC A-00007-00048201;3813;22/06/2026;21/08/2026;Factura de venta;Abierta;PLAZO 60 DIAS;Peso Argentino;1.00;3;606338.90;.00;606338.90"
"netsuite;vonderk;2026-07-20 14:23;336678;FC A-00007-00048220;3686;22/06/2026;22/07/2026;Factura de venta;Abierta;PLAZO 30 DIAS;Peso Argentino;1.00;3;1071420.84;.00;1071420.84"
"netsuite;vonderk;2026-07-20 14:23;336680;FC A-00007-00048222;3702;22/06/2026;22/07/2026;Factura de venta;Abierta;PLAZO 30 DIAS;Peso Argentino;1.00;3;302843.52;.00;302843.52"
"netsuite;vonderk;2026-07-20 14:23;336687;FC A-00007-00048225;3948;22/06/2026;22/07/2026;Factura de venta;Abierta;PLAZO 30 DIAS;Peso Argentino;1.00;3;232804.00;.00;232804.00"
"netsuite;vonderk;2026-07-20 14:23;336689;FC A-00007-00048226;3671;22/06/2026;22/07/2026;Factura de venta;Abierta;PLAZO 30 DIAS;Peso Argentino;1.00;3;392335.27;.00;392335.27"
"netsuite;vonderk;2026-07-20 14:23;338890;FC A-00002-00136489;;22/06/2026;21/08/2026;Factura;Abierta;PLAZO 60 DIAS;Peso Argentino;1.00;3;1025077.60;.00;1025077.60"
"netsuite;vonderk;2026-07-20 14:23;338898;FC A-00002-00136490;;22/06/2026;21/08/2026;Factura;Abierta;PLAZO 60 DIAS;Peso Argentino;1.00;3;4000514.00;.00;4000514.00"
"netsuite;vonderk;2026-07-20 14:23;339878;FC A-00012-00007425;;22/06/2026;22/07/2026;Factura;Abierta;PLAZO 30 DIAS;Peso Argentino;1.00;3;132010.87;.00;132010.87"
"netsuite;vonderk;2026-07-20 14:23;343378;FC A-00078-00360722;;22/06/2026;22/07/2026;Factura;Abierta;PLAZO 30 DIAS;Peso Argentino;1.00;3;1145789.46;.00;1145789.46"
"netsuite;vonderk;2026-07-20 14:23;357998;2511100402-LK;;22/06/2026;22/07/2026;Factura;Abierta;PLAZO 30 DIAS;US Dollar;1480.00;3;10226607.60;.00;10226607.60"
"netsuite;vonderk;2026-07-20 14:23;358140;2510170395-OK;;22/06/2026;22/07/2026;Factura;Abierta;PLAZO 30 DIAS;US Dollar;1480.00;3;38880961.60;.00;38880961.60"
"netsuite;vonderk;2026-07-20 14:23;339859;FC A-00004-00002408;;21/06/2026;21/06/2026;Factura;Abierta;Tarjeta de Crédito;Peso Argentino;1.00;3;133200.00;.00;133200.00"
"netsuite;vonderk;2026-07-20 14:23;339631;FC A-00564-00081982;;20/06/2026;20/07/2026;Factura;Abierta;PLAZO 30 DIAS;Peso Argentino;1.00;3;381883.25;.00;381883.25"
"netsuite;vonderk;2026-07-20 14:23;339894;FC A-01679-00012312;;20/06/2026;20/07/2026;Factura;Abierta;PLAZO 30 DIAS;Peso Argentino;1.00;3;395916.05;.00;395916.05"
"netsuite;vonderk;2026-07-20 14:23;334751;MEX-9900022136;3924;19/06/2026;26/06/2026;Factura de venta;Abierta;PLAZO 7 DIAS;Peso Argentino;1.00;11;735000.00;.00;735000.00"
"netsuite;vonderk;2026-07-20 14:23;334769;FC A-00007-00048154;3816;19/06/2026;19/07/2026;Factura de venta;Abierta;PLAZO 30 DIAS;Peso Argentino;1.00;3;834566.04;.00;834566.04"
"netsuite;vonderk;2026-07-20 14:23;334914;FC A-00007-00048170;3972;19/06/2026;19/07/2026;Factura de venta;Abierta;PLAZO 30 DIAS;Peso Argentino;1.00;3;37983.15;.00;37983.15"
"netsuite;vonderk;2026-07-20 14:23;334926;FC A-00007-00048173;3737;19/06/2026;19/07/2026;Factura de venta;Abierta;PLAZO 30 DIAS;Peso Argentino;1.00;3;3909640.52;2351691.75;1557948.77"
"netsuite;vonderk;2026-07-20 14:23;334946;FC A-00007-00048178;3812;19/06/2026;19/07/2026;Factura de venta;Abierta;PLAZO 30 DIAS;Peso Argentino;1.00;3;2235025.49;.00;2235025.49"
"netsuite;vonderk;2026-07-20 14:23;335081;FC A-00007-00048193;3944;19/06/2026;19/07/2026;Factura de venta;Abierta;PLAZO 30 DIAS;Peso Argentino;1.00;3;831720.12;.00;831720.12"
"netsuite;vonderk;2026-07-20 14:23;335082;FC A-00007-00048194;3932;19/06/2026;18/08/2026;Factura de venta;Abierta;PLAZO 60 DIAS;Peso Argentino;1.00;3;636792.39;.00;636792.39"
"netsuite;vonderk;2026-07-20 14:23;335209;2605190472-UY;;19/06/2026;19/07/2026;Factura;Abierta;PLAZO 30 DIAS;US Dollar;1470.00;3;89174859.90;88762245.60;412614.30"
"netsuite;vonderk;2026-07-20 14:23;339874;FC A-00007-00008998;;19/06/2026;19/07/2026;Factura;Abierta;PLAZO 30 DIAS;Peso Argentino;1.00;3;178505.02;.00;178505.02"
"netsuite;vonderk;2026-07-20 14:23;339900;FC A-00046-00000354;;19/06/2026;19/06/2026;Factura;Abierta;Contado;Peso Argentino;1.00;3;287292.77;.00;287292.77"
"netsuite;vonderk;2026-07-20 14:23;357918;2510160387-EU;;19/06/2026;19/07/2026;Factura;Abierta;PLAZO 30 DIAS;US Dollar;1470.00;3;41889855.00;.00;41889855.00"
"netsuite;vonderk;2026-07-20 14:23;358106;2510250396-XL;;19/06/2026;19/07/2026;Factura;Abierta;PLAZO 30 DIAS;US Dollar;1470.00;3;2838276.00;.00;2838276.00"
"netsuite;vonderk;2026-07-20 14:23;358155;2511130411-SM;;19/06/2026;19/07/2026;Factura;Abierta;PLAZO 30 DIAS;US Dollar;1470.00;3;12303900.00;.00;12303900.00"
"netsuite;vonderk;2026-07-20 14:23;333463;MEX-9900022105;3720;18/06/2026;25/06/2026;Factura de venta;Abierta;PLAZO 7 DIAS;Peso Argentino;1.00;11;309301.00;308669.77;631.23"
"netsuite;vonderk;2026-07-20 14:23;333603;MEX-9900022118;3920;18/06/2026;25/06/2026;Factura de venta;Abierta;PLAZO 7 DIAS;Peso Argentino;1.00;11;410785.60;361325.01;49460.59"
"netsuite;vonderk;2026-07-20 14:23;333624;FC A-00007-00048114;3813;18/06/2026;17/08/2026;Factura de venta;Abierta;PLAZO 60 DIAS;Peso Argentino;1.00;3;1097840.32;236232.19;861608.13"
"netsuite;vonderk;2026-07-20 14:23;333625;FC A-00007-00048115;5265;18/06/2026;18/07/2026;Factura de venta;Abierta;PLAZO 30 DIAS;Peso Argentino;1.00;3;1902186.11;1559848.01;342338.10"
"netsuite;vonderk;2026-07-20 14:23;333650;FC A-00007-00048120;3845;18/06/2026;18/07/2026;Factura de venta;Abierta;PLAZO 30 DIAS;Peso Argentino;1.00;3;247253.34;.00;247253.34"
"netsuite;vonderk;2026-07-20 14:23;333651;FC A-00007-00048121;3813;18/06/2026;17/08/2026;Factura de venta;Abierta;PLAZO 60 DIAS;Peso Argentino;1.00;3;1364718.80;.00;1364718.80"
"netsuite;vonderk;2026-07-20 14:23;333654;FC A-00007-00048123;3825;18/06/2026;18/07/2026;Factura de venta;Abierta;PLAZO 30 DIAS;Peso Argentino;1.00;3;4001825.98;312688.20;3689137.78"
"netsuite;vonderk;2026-07-20 14:23;333704;FC A-00007-00048141;3931;18/06/2026;17/08/2026;Factura de venta;Abierta;PLAZO 60 DIAS;Peso Argentino;1.00;3;269229.84;.00;269229.84"
"netsuite;vonderk;2026-07-20 14:23;333706;FC A-00007-00048142;3904;18/06/2026;18/07/2026;Factura de venta;Abierta;PLAZO 30 DIAS;Peso Argentino;1.00;3;1182279.38;.00;1182279.38"
"netsuite;vonderk;2026-07-20 14:23;333709;FC A-00007-00048144;3813;18/06/2026;18/07/2026;Factura de venta;Abierta;PLAZO 30 DIAS;Peso Argentino;1.00;3;31092.16;.00;31092.16"
"netsuite;vonderk;2026-07-20 14:23;333816;MEX-9900022121;13353;18/06/2026;18/06/2026;Factura de venta;Abierta;Contado;US Dollar;1460.00;11;417852.00;.00;417852.00"
"netsuite;vonderk;2026-07-20 14:23;334312;NC A-00007-00001796;3811;18/06/2026;;Nota de crédito;Abierta;;Peso Argentino;1.00;3;-211178.88;.00;211178.88"
"netsuite;vonderk;2026-07-20 14:23;339008;FC A-00002-00136364;;18/06/2026;17/08/2026;Factura;Abierta;PLAZO 60 DIAS;Peso Argentino;1.00;3;1736391.29;.00;1736391.29"
"netsuite;vonderk;2026-07-20 14:23;339016;FC A-00002-00136366;;18/06/2026;17/08/2026;Factura;Abierta;PLAZO 60 DIAS;Peso Argentino;1.00;3;9081492.00;.00;9081492.00"
"netsuite;vonderk;2026-07-20 14:23;339869;FC A-00013-00008045;;18/06/2026;18/07/2026;Factura;Abierta;PLAZO 30 DIAS;Peso Argentino;1.00;3;237599.99;.00;237599.99"
"netsuite;vonderk;2026-07-20 14:23;357951;2511140413-AN;;18/06/2026;18/07/2026;Factura;Abierta;PLAZO 30 DIAS;US Dollar;1460.00;3;26666900.00;.00;26666900.00"
"netsuite;vonderk;2026-07-20 14:23;332251;FC A-00010-90381448;;17/06/2026;17/07/2026;Factura;Abierta;PLAZO 30 DIAS;Peso Argentino;1.00;3;114703.96;.00;114703.96"
"netsuite;vonderk;2026-07-20 14:23;332273;FC A-00007-00048101;3750;17/06/2026;17/07/2026;Factura de venta;Abierta;PLAZO 30 DIAS;Peso Argentino;1.00;3;1591466.78;.00;1591466.78"
"netsuite;vonderk;2026-07-20 14:23;332276;FC A-00007-00048102;3750;17/06/2026;17/07/2026;Factura de venta;Abierta;PLAZO 30 DIAS;Peso Argentino;1.00;3;621421.34;.00;621421.34"
"netsuite;vonderk;2026-07-20 14:23;332715;ASI_ME-495;;17/06/2026;;Asiento;Aprobado para contabilización;;Peso Argentino;1.00;3;-351769.60;.00;351769.60"
"netsuite;vonderk;2026-07-20 14:23;358153;2511130407-SE;;17/06/2026;17/07/2026;Factura;Abierta;PLAZO 30 DIAS;US Dollar;1455.00;3;7446981.00;.00;7446981.00"
"netsuite;vonderk;2026-07-20 14:23;358367;2510170394-LT;;17/06/2026;17/07/2026;Factura;Abierta;PLAZO 30 DIAS;US Dollar;1455.00;3;85826085.00;.00;85826085.00"
"netsuite;vonderk;2026-07-20 14:23;330848;MEX-9900022082;3953;16/06/2026;23/06/2026;Factura de venta;Abierta;PLAZO 7 DIAS;Peso Argentino;1.00;11;271730.00;.00;271730.00"
"netsuite;vonderk;2026-07-20 14:23;330852;MEX-9900022085;3924;16/06/2026;23/06/2026;Factura de venta;Abierta;PLAZO 7 DIAS;Peso Argentino;1.00;11;2048415.00;.00;2048415.00"
"netsuite;vonderk;2026-07-20 14:23;330856;FC A-00007-00048032;3816;16/06/2026;16/07/2026;Factura de venta;Abierta;PLAZO 30 DIAS;Peso Argentino;1.00;3;2071450.47;.00;2071450.47"
"netsuite;vonderk;2026-07-20 14:23;330875;FC A-00007-00048041;3815;16/06/2026;16/07/2026;Factura de venta;Abierta;PLAZO 30 DIAS;Peso Argentino;1.00;3;713028.80;696831.06;16197.74"
"netsuite;vonderk;2026-07-20 14:23;330904;FC A-00007-00048061;3750;16/06/2026;16/07/2026;Factura de venta;Abierta;PLAZO 30 DIAS;Peso Argentino;1.00;3;948745.88;38482.47;910263.41"
"netsuite;vonderk;2026-07-20 14:23;330909;FC A-00007-00048063;3941;16/06/2026;16/07/2026;Factura de venta;Abierta;PLAZO 30 DIAS;Peso Argentino;1.00;3;2080837.00;.00;2080837.00"
"netsuite;vonderk;2026-07-20 14:23;330910;FC A-00007-00048064;3859;16/06/2026;16/07/2026;Factura de venta;Abierta;PLAZO 30 DIAS;Peso Argentino;1.00;3;129359.29;.00;129359.29"
"netsuite;vonderk;2026-07-20 14:23;330915;FC A-00007-00048067;4173;16/06/2026;16/07/2026;Factura de venta;Abierta;PLAZO 30 DIAS;Peso Argentino;1.00;3;34704.74;.00;34704.74"
"netsuite;vonderk;2026-07-20 14:23;343413;FC A-00840-00344883;;16/06/2026;16/07/2026;Factura;Abierta;PLAZO 30 DIAS;Peso Argentino;1.00;3;48824.79;.00;48824.79"
"netsuite;vonderk;2026-07-20 14:23;344512;FC A-05014-01316153;;16/06/2026;16/07/2026;Factura;Abierta;PLAZO 30 DIAS;Peso Argentino;1.00;3;129788.00;.00;129788.00"
"netsuite;vonderk;2026-07-20 14:23;344513;FC A-05027-00250084;;16/06/2026;16/07/2026;Factura;Abierta;PLAZO 30 DIAS;Peso Argentino;1.00;3;15170.34;.00;15170.34"
"netsuite;vonderk;2026-07-20 14:23;344671;FC A-00758-00252004;;16/06/2026;16/07/2026;Factura;Abierta;PLAZO 30 DIAS;Peso Argentino;1.00;3;43738.60;.00;43738.60"
"netsuite;vonderk;2026-07-20 14:23;358145;2512180431-EU;;16/06/2026;16/07/2026;Factura;Abierta;PLAZO 30 DIAS;US Dollar;1450.00;3;27549420.00;.00;27549420.00"
"netsuite;vonderk;2026-07-20 14:23;344652;FC A-00050-05277501;;15/06/2026;15/07/2026;Factura;Abierta;PLAZO 30 DIAS;Peso Argentino;1.00;3;12033.65;.00;12033.65"
"netsuite;vonderk;2026-07-20 14:23;344664;FC A-00050-05269954;;15/06/2026;15/07/2026;Factura;Abierta;PLAZO 30 DIAS;Peso Argentino;1.00;3;9626.92;.00;9626.92"
"netsuite;vonderk;2026-07-20 14:23;358110;2511130409-GS;;15/06/2026;15/07/2026;Factura;Abierta;PLAZO 30 DIAS;US Dollar;1428.00;3;3099474.00;.00;3099474.00"
"netsuite;vonderk;2026-07-20 14:23;361592;2605260477-GS;;15/06/2026;15/07/2026;Factura;Abierta;PLAZO 30 DIAS;US Dollar;1428.00;3;7004340.00;.00;7004340.00"
"netsuite;vonderk;2026-07-20 14:23;333895;FC A-00007-00008976;;14/06/2026;14/07/2026;Factura;Abierta;PLAZO 30 DIAS;Peso Argentino;1.00;3;146562.00;.00;146562.00"
"netsuite;vonderk;2026-07-20 14:23;339893;FC A-01676-00042819;;14/06/2026;14/07/2026;Factura;Abierta;PLAZO 30 DIAS;Peso Argentino;1.00;3;391674.60;.00;391674.60"
"netsuite;vonderk;2026-07-20 14:23;329252;FC A-00007-00047971;13834;12/06/2026;12/07/2026;Factura de venta;Abierta;PLAZO 30 DIAS;Peso Argentino;1.00;3;310967.58;.00;310967.58"
"netsuite;vonderk;2026-07-20 14:23;329257;FC A-00007-00047976;3816;12/06/2026;12/07/2026;Factura de venta;Abierta;PLAZO 30 DIAS;Peso Argentino;1.00;3;75794.40;.00;75794.40"
"netsuite;vonderk;2026-07-20 14:23;329468;FC A-00007-00047998;3816;12/06/2026;12/07/2026;Factura de venta;Abierta;PLAZO 30 DIAS;Peso Argentino;1.00;3;1738387.60;.00;1738387.60"
"netsuite;vonderk;2026-07-20 14:23;329483;FC A-00007-00048008;3852;12/06/2026;12/07/2026;Factura de venta;Abierta;PLAZO 30 DIAS;Peso Argentino;1.00;3;5200043.73;4769242.59;430801.14"
"netsuite;vonderk;2026-07-20 14:23;329503;FC A-00007-00048019;3955;12/06/2026;12/07/2026;Factura de venta;Abierta;PLAZO 30 DIAS;Peso Argentino;1.00;3;613724.10;.00;613724.10"
"netsuite;vonderk;2026-07-20 14:23;329892;FC A-00007-00048028;3749;12/06/2026;12/07/2026;Factura de venta;Abierta;PLAZO 30 DIAS;Peso Argentino;1.00;3;1939547.12;.00;1939547.12"
"netsuite;vonderk;2026-07-20 14:23;329896;MEX-9900000687;13716;12/06/2026;;Nota de crédito;Abierta;;Peso Argentino;1.00;11;-472530.00;246641.28;225888.72"
"netsuite;vonderk;2026-07-20 14:23;330017;NC A-00007-00001791;3641;12/06/2026;;Nota de crédito;Abierta;;Peso Argentino;1.00;3;-36669.62;.00;36669.62"
"netsuite;vonderk;2026-07-20 14:23;332400;FC A-00002-00136099;;12/06/2026;11/08/2026;Factura;Abierta;PLAZO 60 DIAS;Peso Argentino;1.00;3;4213917.50;.00;4213917.50"
"netsuite;vonderk;2026-07-20 14:23;363313;000A00003520;;12/06/2026;12/07/2026;Factura;Abierta;PLAZO 30 DIAS;US Dollar;40.39;10;5990679.032;.00;5990679.032"
"netsuite;vonderk;2026-07-20 14:23;328291;FC A-00007-00047964;3816;11/06/2026;11/07/2026;Factura de venta;Abierta;PLAZO 30 DIAS;Peso Argentino;1.00;3;686614.50;.00;686614.50"
"netsuite;vonderk;2026-07-20 14:23;358148;2512150425-EU;;11/06/2026;11/07/2026;Factura;Abierta;PLAZO 30 DIAS;US Dollar;1455.00;3;36754173.00;.00;36754173.00"
"netsuite;vonderk;2026-07-20 14:23;358169;2512150427-AH;;11/06/2026;11/07/2026;Factura;Abierta;PLAZO 30 DIAS;US Dollar;1455.00;3;35960325.00;.00;35960325.00"
"netsuite;vonderk;2026-07-20 14:23;326672;MEX-9900022011;3924;10/06/2026;17/06/2026;Factura de venta;Abierta;PLAZO 7 DIAS;Peso Argentino;1.00;11;380476.00;.00;380476.00"
"netsuite;vonderk;2026-07-20 14:23;326693;FC A-00007-00047887;3702;10/06/2026;10/07/2026;Factura de venta;Abierta;PLAZO 30 DIAS;Peso Argentino;1.00;3;92523.29;.00;92523.29"
"netsuite;vonderk;2026-07-20 14:23;326694;FC A-00007-00047888;3825;10/06/2026;10/07/2026;Factura de venta;Abierta;PLAZO 30 DIAS;Peso Argentino;1.00;3;2182192.65;.00;2182192.65"
"netsuite;vonderk;2026-07-20 14:23;326703;FC A-00007-00047893;3931;10/06/2026;09/08/2026;Factura de venta;Abierta;PLAZO 60 DIAS;Peso Argentino;1.00;3;205808.90;.00;205808.90"
"netsuite;vonderk;2026-07-20 14:23;326705;FC A-00007-00047895;3816;10/06/2026;10/07/2026;Factura de venta;Abierta;PLAZO 30 DIAS;Peso Argentino;1.00;3;1145110.12;.00;1145110.12"
"netsuite;vonderk;2026-07-20 14:23;326826;FC A-00007-00047909;3825;10/06/2026;10/07/2026;Factura de venta;Abierta;PLAZO 30 DIAS;Peso Argentino;1.00;3;9140031.73;.00;9140031.73"
"netsuite;vonderk;2026-07-20 14:23;326828;FC A-00007-00047910;3825;10/06/2026;10/07/2026;Factura de venta;Abierta;PLAZO 30 DIAS;Peso Argentino;1.00;3;1288275.39;.00;1288275.39"
"netsuite;vonderk;2026-07-20 14:23;326838;FC A-00007-00047915;3816;10/06/2026;10/07/2026;Factura de venta;Abierta;PLAZO 30 DIAS;Peso Argentino;1.00;3;752802.28;.00;752802.28"
"netsuite;vonderk;2026-07-20 14:23;326846;FC A-00007-00047920;3816;10/06/2026;10/07/2026;Factura de venta;Abierta;PLAZO 30 DIAS;Peso Argentino;1.00;3;546250.40;.00;546250.40"
"netsuite;vonderk;2026-07-20 14:23;327194;MEX-9900000682;3811;10/06/2026;;Nota de crédito;Abierta;;Peso Argentino;1.00;11;-1066630.40;.00;1066630.40"
"netsuite;vonderk;2026-07-20 14:23;327471;FC A-00012-00007251;;10/06/2026;10/07/2026;Factura;Abierta;PLAZO 30 DIAS;Peso Argentino;1.00;3;124003.64;.00;124003.64"
"netsuite;vonderk;2026-07-20 14:23;333889;FC A-00006-00003428;;10/06/2026;10/06/2026;Factura;Abierta;Tarjeta de Crédito;Peso Argentino;1.00;3;19449.99;.00;19449.99"
"netsuite;vonderk;2026-07-20 14:23;358151;2511140415-EU;;10/06/2026;10/07/2026;Factura;Abierta;PLAZO 30 DIAS;US Dollar;1460.00;3;46778049.60;.00;46778049.60"
"netsuite;vonderk;2026-07-20 14:23;358194;2512030421-LD;;10/06/2026;10/07/2026;Factura;Abierta;PLAZO 30 DIAS;US Dollar;1460.00;3;11025219.20;.00;11025219.20"
"netsuite;vonderk;2026-07-20 14:23;325225;MEX-9900021985;3924;09/06/2026;16/06/2026;Factura de venta;Abierta;PLAZO 7 DIAS;Peso Argentino;1.00;11;801355.00;.00;801355.00"
"netsuite;vonderk;2026-07-20 14:23;325280;FC A-00007-00047876;3941;09/06/2026;09/07/2026;Factura de venta;Abierta;PLAZO 30 DIAS;Peso Argentino;1.00;3;2467706.07;.00;2467706.07"
"netsuite;vonderk;2026-07-20 14:23;325286;FC A-00007-00047881;3815;09/06/2026;09/07/2026;Factura de venta;Abierta;PLAZO 30 DIAS;Peso Argentino;1.00;3;23452.16;.00;23452.16"
"netsuite;vonderk;2026-07-20 14:23;327176;FC A-00001-00010758;;09/06/2026;09/07/2026;Factura;Abierta;PLAZO 30 DIAS;Peso Argentino;1.00;3;1267929.36;1267929.35;.01"
"netsuite;vonderk;2026-07-20 14:23;339888;FC A-05007-00027202;;09/06/2026;09/07/2026;Factura;Abierta;PLAZO 30 DIAS;Peso Argentino;1.00;3;114408.22;.00;114408.22"
"netsuite;vonderk;2026-07-20 14:23;345046;FC A-00004-00000364;;09/06/2026;09/06/2026;Factura;Abierta;Contado;Peso Argentino;1.00;3;124672.30;.00;124672.30"
"netsuite;vonderk;2026-07-20 14:23;357983;2511060399-UH;;09/06/2026;09/07/2026;Factura;Abierta;PLAZO 30 DIAS;US Dollar;1465.00;3;82969103.00;.00;82969103.00"
"netsuite;vonderk;2026-07-20 14:23;323910;MEX-9900021952;3924;08/06/2026;15/06/2026;Factura de venta;Abierta;PLAZO 7 DIAS;Peso Argentino;1.00;11;350400.00;.00;350400.00"
"netsuite;vonderk;2026-07-20 14:23;323957;FC A-00007-00047824;4173;08/06/2026;08/07/2026;Factura de venta;Abierta;PLAZO 30 DIAS;Peso Argentino;1.00;3;2297727.28;2242681.71;55045.57"
"netsuite;vonderk;2026-07-20 14:23;324129;FC A-00007-00047845;3931;08/06/2026;07/08/2026;Factura de venta;Abierta;PLAZO 60 DIAS;Peso Argentino;1.00;3;1341626.71;.00;1341626.71"
"netsuite;vonderk;2026-07-20 14:23;324135;FC A-00007-00047847;3932;08/06/2026;07/08/2026;Factura de venta;Abierta;PLAZO 60 DIAS;Peso Argentino;1.00;3;1953304.87;.00;1953304.87"
"netsuite;vonderk;2026-07-20 14:23;324138;FC A-00007-00047848;3932;08/06/2026;07/08/2026;Factura de venta;Abierta;PLAZO 60 DIAS;Peso Argentino;1.00;3;997563.69;.00;997563.69"
"netsuite;vonderk;2026-07-20 14:23;324140;FC A-00007-00047849;3932;08/06/2026;07/08/2026;Factura de venta;Abierta;PLAZO 60 DIAS;Peso Argentino;1.00;3;1566302.35;.00;1566302.35"
"netsuite;vonderk;2026-07-20 14:23;324141;FC A-00007-00047850;3932;08/06/2026;07/08/2026;Factura de venta;Abierta;PLAZO 60 DIAS;Peso Argentino;1.00;3;2442889.81;.00;2442889.81"
"netsuite;vonderk;2026-07-20 14:23;326335;ND A-00001-00005570;;08/06/2026;08/07/2026;Factura;Abierta;PLAZO 30 DIAS;Peso Argentino;1.00;3;41532.49;41532.48;.01"
"netsuite;vonderk;2026-07-20 14:23;357925;2510160391-XS;;08/06/2026;08/07/2026;Factura;Abierta;PLAZO 30 DIAS;US Dollar;1460.00;3;39587170.00;.00;39587170.00"
"netsuite;vonderk;2026-07-20 14:23;358178;2603040440-MW;;08/06/2026;08/07/2026;Factura;Abierta;PLAZO 30 DIAS;US Dollar;1460.00;3;19584586.00;.00;19584586.00"
"netsuite;vonderk;2026-07-20 14:23;359784;FC C-03000-00469682;;08/06/2026;08/06/2026;Factura;Abierta;Contado;Peso Argentino;1.00;3;55194.00;.00;55194.00"
"netsuite;vonderk;2026-07-20 14:23;327575;FC A-00013-00008007;;07/06/2026;07/07/2026;Factura;Abierta;PLAZO 30 DIAS;Peso Argentino;1.00;3;169499.99;.00;169499.99"
"netsuite;vonderk;2026-07-20 14:23;327579;FC A-00013-00000632;;06/06/2026;06/07/2026;Factura;Abierta;PLAZO 30 DIAS;Peso Argentino;1.00;3;87701.90;.00;87701.90"
"netsuite;vonderk;2026-07-20 14:23;322584;FC A-00007-00047793;3941;05/06/2026;05/07/2026;Factura de venta;Abierta;PLAZO 30 DIAS;Peso Argentino;1.00;3;1516220.88;.00;1516220.88"
"netsuite;vonderk;2026-07-20 14:23;357766;2510160393-UH;;05/06/2026;05/07/2026;Factura;Abierta;PLAZO 30 DIAS;US Dollar;1455.00;3;26853480.00;.00;26853480.00"
"netsuite;vonderk;2026-07-20 14:23;358108;2511110405-LT;;05/06/2026;05/07/2026;Factura;Abierta;PLAZO 30 DIAS;US Dollar;1455.00;3;55025335.50;.00;55025335.50"
"netsuite;vonderk;2026-07-20 14:23;358362;2511130406-DDH;;05/06/2026;05/07/2026;Factura;Abierta;PLAZO 30 DIAS;US Dollar;1455.00;3;3636394.20;.00;3636394.20"
"netsuite;vonderk;2026-07-20 14:23;358365;2510160389-DDH;;05/06/2026;05/07/2026;Factura;Abierta;PLAZO 30 DIAS;US Dollar;1455.00;3;12607342.20;.00;12607342.20"
"netsuite;vonderk;2026-07-20 14:23;321045;FC A-00007-00047736;3827;04/06/2026;11/06/2026;Factura de venta;Abierta;PLAZO 7 DIAS;Peso Argentino;1.00;3;533831.19;.00;533831.19"
"netsuite;vonderk;2026-07-20 14:23;321220;FC A-00007-00047758;3825;04/06/2026;04/07/2026;Factura de venta;Abierta;PLAZO 30 DIAS;Peso Argentino;1.00;3;468502.32;.00;468502.32"
"netsuite;vonderk;2026-07-20 14:23;321241;FC A-00007-00047764;4722;04/06/2026;11/06/2026;Factura de venta;Abierta;PLAZO 7 DIAS;Peso Argentino;1.00;3;604595.64;.00;604595.64"
"netsuite;vonderk;2026-07-20 14:23;327576;FC A-00003-00001397;;04/06/2026;04/06/2026;Factura;Abierta;Tarjeta de Crédito;Peso Argentino;1.00;3;155500.00;.00;155500.00"
"netsuite;vonderk;2026-07-20 14:23;358130;2511100403-LD;;04/06/2026;04/07/2026;Factura;Abierta;PLAZO 30 DIAS;US Dollar;1460.00;3;11658859.20;.00;11658859.20"
"netsuite;vonderk;2026-07-20 14:23;319552;FC A-00007-00047694;3825;03/06/2026;03/07/2026;Factura de venta;Abierta;PLAZO 30 DIAS;Peso Argentino;1.00;3;835142.00;.00;835142.00"
"netsuite;vonderk;2026-07-20 14:23;319932;FC E-00009-00000061;13353;03/06/2026;03/07/2026;Factura de venta;Abierta;PLAZO 30 DIAS;US Dollar;1450.00;3;837375.00;.00;837375.00"
"netsuite;vonderk;2026-07-20 14:23;320355;MEX-9900000668;3695;03/06/2026;;Nota de crédito;Abierta;;Peso Argentino;1.00;11;-176640.00;130613.50;46026.50"
"netsuite;vonderk;2026-07-20 14:23;318073;FC A-00007-00047660;3825;02/06/2026;02/07/2026;Factura de venta;Abierta;PLAZO 30 DIAS;Peso Argentino;1.00;3;2836685.28;2017601.57;819083.71"
"netsuite;vonderk;2026-07-20 14:23;318960;ASI_ME-470;;02/06/2026;;Asiento;Aprobado para contabilización;;Peso Argentino;1.00;3;226921.42;.00;226921.42"
"netsuite;vonderk;2026-07-20 14:23;319014;ASI_ME-472;;02/06/2026;;Asiento;Aprobado para contabilización;;Peso Argentino;1.00;3;8436438.86;.00;8436438.86"
"netsuite;vonderk;2026-07-20 14:23;319014;ASI_ME-472;;02/06/2026;;Asiento;Aprobado para contabilización;;Peso Argentino;1.00;3;351769.60;.00;351769.60"
"netsuite;vonderk;2026-07-20 14:23;358112;2512160428-DH;;02/06/2026;02/07/2026;Factura;Abierta;PLAZO 30 DIAS;US Dollar;1445.00;3;5229455.00;.00;5229455.00"
"netsuite;vonderk;2026-07-20 14:23;358385;2511130410 XS / 2512020419 XS;;02/06/2026;02/07/2026;Factura;Abierta;PLAZO 30 DIAS;US Dollar;1445.00;3;37316402.50;.00;37316402.50"
"netsuite;vonderk;2026-07-20 14:23;316747;FC A-00007-00047638;3671;01/06/2026;01/07/2026;Factura de venta;Abierta;PLAZO 30 DIAS;Peso Argentino;1.00;3;2706663.96;259026.77;2447637.19"
"netsuite;vonderk;2026-07-20 14:23;318619;FC A-00002-00135692;;01/06/2026;31/07/2026;Factura;Abierta;PLAZO 60 DIAS;Peso Argentino;1.00;3;467910.30;.00;467910.30"
"netsuite;vonderk;2026-07-20 14:23;319467;FC A-00011-00019117;;01/06/2026;01/07/2026;Factura;Abierta;PLAZO 30 DIAS;Peso Argentino;1.00;3;118846.93;.00;118846.93"
"netsuite;vonderk;2026-07-20 14:23;319499;FC A-00012-00002692;;01/06/2026;01/06/2026;Factura;Abierta;Tarjeta de Crédito;Peso Argentino;1.00;3;1857744.00;.00;1857744.00"
"netsuite;vonderk;2026-07-20 14:23;343389;FC A-00840-00283319;;01/06/2026;01/07/2026;Factura;Abierta;PLAZO 30 DIAS;Peso Argentino;1.00;3;51383.32;.00;51383.32"
"netsuite;vonderk;2026-07-20 14:23;344842;FC A-00758-00176868;;01/06/2026;01/07/2026;Factura;Abierta;PLAZO 30 DIAS;Peso Argentino;1.00;3;4108.06;.00;4108.06"
"netsuite;vonderk;2026-07-20 14:23;344843;FC A-00758-00210055;;01/06/2026;01/07/2026;Factura;Abierta;PLAZO 30 DIAS;Peso Argentino;1.00;3;30063.32;.00;30063.32"
"netsuite;vonderk;2026-07-20 14:23;358122;2601060433-FY;;01/06/2026;01/07/2026;Factura;Abierta;PLAZO 30 DIAS;US Dollar;1430.00;3;1181180.00;.00;1181180.00"
"netsuite;vonderk;2026-07-20 14:23;317401;FC A-05603-00014053;;31/05/2026;30/06/2026;Factura;Abierta;PLAZO 30 DIAS;Peso Argentino;1.00;3;30833.32;.00;30833.32"
"netsuite;vonderk;2026-07-20 14:23;320369;FC A-05014-01302118;;31/05/2026;30/06/2026;Factura;Abierta;PLAZO 30 DIAS;Peso Argentino;1.00;3;118469.89;.00;118469.89"
"netsuite;vonderk;2026-07-20 14:23;320376;FC A-00050-05243562;;31/05/2026;30/06/2026;Factura;Abierta;PLAZO 30 DIAS;Peso Argentino;1.00;3;7220.20;.00;7220.20"
"netsuite;vonderk;2026-07-20 14:23;315693;FC A-00007-00047579;3873;29/05/2026;05/06/2026;Factura de venta;Abierta;PLAZO 7 DIAS;Peso Argentino;1.00;3;338273.65;.00;338273.65"
"netsuite;vonderk;2026-07-20 14:23;315979;FC A-00007-00047612;3931;29/05/2026;28/07/2026;Factura de venta;Abierta;PLAZO 60 DIAS;Peso Argentino;1.00;3;498568.64;.00;498568.64"
"netsuite;vonderk;2026-07-20 14:23;316005;26UYOC72-OV72;;29/05/2026;28/06/2026;Factura;Abierta;PLAZO 30 DIAS;US Dollar;40.11;10;6569244.853;.00;6569244.853"
"netsuite;vonderk;2026-07-20 14:23;316016;E-FACTURA EXPORTACION A47;13343;29/05/2026;28/06/2026;Factura de venta;Abierta;PLAZO 30 DIAS;US Dollar;40.11;10;6129205.424;.00;6129205.424"
"netsuite;vonderk;2026-07-20 14:23;314193;FC A-00007-00047538;3941;28/05/2026;27/06/2026;Factura de venta;Abierta;PLAZO 30 DIAS;Peso Argentino;1.00;3;1395486.95;.00;1395486.95"
"netsuite;vonderk;2026-07-20 14:23;314199;FC A-00007-00047540;3931;28/05/2026;27/07/2026;Factura de venta;Abierta;PLAZO 60 DIAS;Peso Argentino;1.00;3;726726.00;.00;726726.00"
"netsuite;vonderk;2026-07-20 14:23;314200;FC A-00007-00047541;3941;28/05/2026;27/06/2026;Factura de venta;Abierta;PLAZO 30 DIAS;Peso Argentino;1.00;3;1162761.60;.00;1162761.60"
"netsuite;vonderk;2026-07-20 14:23;314216;FC A-00007-00047547;13609;28/05/2026;27/07/2026;Factura de venta;Abierta;PLAZO 60 DIAS;Peso Argentino;1.00;3;1890250.38;1545234.24;345016.14"
"netsuite;vonderk;2026-07-20 14:23;314220;FC A-00007-00047550;13609;28/05/2026;26/08/2026;Factura de venta;Abierta;PLAZO 90 DIAS;Peso Argentino;1.00;3;2098051.98;2075349.30;22702.68"
"netsuite;vonderk;2026-07-20 14:23;314265;FC E-00009-00000060;13343;28/05/2026;27/06/2026;Factura de venta;Abierta;PLAZO 30 DIAS;US Dollar;1430.00;3;7913906.00;.00;7913906.00"
"netsuite;vonderk;2026-07-20 14:23;317535;FC A-00006-00058363;;28/05/2026;28/05/2026;Factura;Abierta;Tarjeta de Crédito;Peso Argentino;1.00;3;100308.46;.00;100308.46"
"netsuite;vonderk;2026-07-20 14:23;319912;FC A-00700-03248499;;28/05/2026;27/06/2026;Factura;Abierta;PLAZO 30 DIAS;Peso Argentino;1.00;3;89982.03;.00;89982.03"
"netsuite;vonderk;2026-07-20 14:23;310476;FC A-00007-00047392;3931;26/05/2026;25/07/2026;Factura de venta;Abierta;PLAZO 60 DIAS;Peso Argentino;1.00;3;157906.82;.00;157906.82"
"netsuite;vonderk;2026-07-20 14:23;310676;FC A-00007-00047426;3931;26/05/2026;25/07/2026;Factura de venta;Abierta;PLAZO 60 DIAS;Peso Argentino;1.00;3;2938294.44;532481.69;2405812.75"
"netsuite;vonderk;2026-07-20 14:23;310680;FC A-00007-00047428;3857;26/05/2026;25/06/2026;Factura de venta;Abierta;PLAZO 30 DIAS;Peso Argentino;1.00;3;730170.00;.00;730170.00"
"netsuite;vonderk;2026-07-20 14:23;310917;FC A-00564-00081104;;24/05/2026;23/06/2026;Factura;Abierta;PLAZO 30 DIAS;Peso Argentino;1.00;3;275807.43;91935.81;183871.62"
"netsuite;vonderk;2026-07-20 14:23;308764;FC A-00007-00047369;3932;22/05/2026;21/06/2026;Factura de venta;Abierta;PLAZO 30 DIAS;Peso Argentino;1.00;3;322111.68;.00;322111.68"
"netsuite;vonderk;2026-07-20 14:23;308765;FC A-00007-00047370;3932;22/05/2026;21/07/2026;Factura de venta;Abierta;PLAZO 60 DIAS;Peso Argentino;1.00;3;2424026.88;.00;2424026.88"
"netsuite;vonderk;2026-07-20 14:23;308791;FC A-00007-00047377;3941;22/05/2026;21/06/2026;Factura de venta;Abierta;PLAZO 30 DIAS;Peso Argentino;1.00;3;1095538.00;1093564.85;1973.15"
"netsuite;vonderk;2026-07-20 14:23;332494;FC A-00005-06505722;;22/05/2026;21/06/2026;Factura;Abierta;PLAZO 30 DIAS;Peso Argentino;1.00;3;1053853.54;451019.13;602834.41"
"netsuite;vonderk;2026-07-20 14:23;332536;FC A-00003-06507288;;22/05/2026;21/06/2026;Factura;Abierta;PLAZO 30 DIAS;Peso Argentino;1.00;3;1447341.62;1412768.31;34573.31"
"netsuite;vonderk;2026-07-20 14:23;307164;FC A-00007-00047311;3873;21/05/2026;28/05/2026;Factura de venta;Abierta;PLAZO 7 DIAS;Peso Argentino;1.00;3;268812.39;.00;268812.39"
"netsuite;vonderk;2026-07-20 14:23;305531;FC A-00007-00047227;3671;20/05/2026;19/06/2026;Factura de venta;Abierta;PLAZO 30 DIAS;Peso Argentino;1.00;3;1044248.69;.01;1044248.68"
"netsuite;vonderk;2026-07-20 14:23;320050;ND A-00757-00004206;;20/05/2026;19/06/2026;Factura;Abierta;PLAZO 30 DIAS;Peso Argentino;1.00;3;1947.98;.00;1947.98"
"netsuite;vonderk;2026-07-20 14:23;319685;FC A-00099-02798406;;19/05/2026;18/06/2026;Factura;Abierta;PLAZO 30 DIAS;Peso Argentino;1.00;3;350105.63;222707.63;127398.00"
"netsuite;vonderk;2026-07-20 14:23;310908;ND A-00001-00005535;;18/05/2026;17/06/2026;Factura;Abierta;PLAZO 30 DIAS;Peso Argentino;1.00;3;75873.61;75873.60;.01"
"netsuite;vonderk;2026-07-20 14:23;301375;E-FACTURA EXPORTACION A46;13353;15/05/2026;14/06/2026;Factura de venta;Abierta;PLAZO 30 DIAS;US Dollar;40.055;10;3984309.739;.00;3984309.739"
"netsuite;vonderk;2026-07-20 14:23;310943;ND A-00001-00005526;;15/05/2026;14/06/2026;Factura;Abierta;PLAZO 30 DIAS;Peso Argentino;1.00;3;13560.65;13560.64;.01"
"netsuite;vonderk;2026-07-20 14:23;298610;FC E-00009-00000056;13353;13/05/2026;12/06/2026;Factura de venta;Abierta;PLAZO 30 DIAS;US Dollar;1405.00;3;310125.65;200535.65;109590.00"
"netsuite;vonderk;2026-07-20 14:23;311141;FC A-00001-00010647;;13/05/2026;12/06/2026;Factura;Abierta;PLAZO 30 DIAS;Peso Argentino;1.00;3;613165.08;613165.07;.01"
"netsuite;vonderk;2026-07-20 14:23;296447;FC A-00007-00046963;3749;12/05/2026;11/06/2026;Factura de venta;Abierta;PLAZO 30 DIAS;Peso Argentino;1.00;3;2105174.04;1656545.28;448628.76"
"netsuite;vonderk;2026-07-20 14:23;295948;NC A-00007-00001744;3810;11/05/2026;;Nota de crédito;Abierta;;Peso Argentino;1.00;3;-158558.40;.00;158558.40"
"netsuite;vonderk;2026-07-20 14:23;292725;E-FACTURA EXPORTACION A45;13888;07/05/2026;06/06/2026;Factura de venta;Abierta;PLAZO 30 DIAS;US Dollar;39.985;10;12149824.97;12040151.201;109673.77"
"netsuite;vonderk;2026-07-20 14:23;293024;NC A-00007-00001738;3850;07/05/2026;;Nota de crédito;Abierta;;Peso Argentino;1.00;3;-36204.30;.00;36204.30"
"netsuite;vonderk;2026-07-20 14:23;294191;;;07/05/2026;;Crédito de factura;;;Peso Argentino;1.00;6;-1103042.65;.00;1103042.65"
"netsuite;vonderk;2026-07-20 14:23;302161;FC A-00009-00381448;;07/05/2026;06/06/2026;Factura;Abierta;PLAZO 30 DIAS;Peso Argentino;1.00;3;113814.49;.00;113814.49"
"netsuite;vonderk;2026-07-20 14:23;290921;FC A-00007-00046824;3932;06/05/2026;05/07/2026;Factura de venta;Abierta;PLAZO 60 DIAS;Peso Argentino;1.00;3;1206038.46;1060928.56;145109.90"
"netsuite;vonderk;2026-07-20 14:23;311326;FC A-02000-00081906;;06/05/2026;06/05/2026;Factura;Abierta;Contado;Peso Argentino;1.00;3;235099.00;225699.00;9400.00"
"netsuite;vonderk;2026-07-20 14:23;286854;FC A-00007-00046660;3815;30/04/2026;30/05/2026;Factura de venta;Abierta;PLAZO 30 DIAS;Peso Argentino;1.00;3;188815.90;.00;188815.90"
"netsuite;vonderk;2026-07-20 14:23;287062;FC A-00007-00046720;3811;30/04/2026;30/05/2026;Factura de venta;Abierta;PLAZO 30 DIAS;Peso Argentino;1.00;3;123274.80;.00;123274.80"
"netsuite;vonderk;2026-07-20 14:23;302015;FC A-05007-00026573;;30/04/2026;30/05/2026;Factura;Abierta;PLAZO 30 DIAS;Peso Argentino;1.00;3;73521.63;.00;73521.63"
"netsuite;vonderk;2026-07-20 14:23;283608;FC A-00007-00046557;13622;28/04/2026;28/05/2026;Factura de venta;Abierta;PLAZO 30 DIAS;Peso Argentino;1.00;3;16936579.37;13501405.12;3435174.25"
"netsuite;vonderk;2026-07-20 14:23;283821;E-FACTURA A117;13344;28/04/2026;28/05/2026;Factura de venta;Abierta;PLAZO 30 DIAS;US Dollar;39.465;10;8183644.935;.00;8183644.935"
"netsuite;vonderk;2026-07-20 14:23;287102;FC A-00001-00010579;;28/04/2026;28/05/2026;Factura;Abierta;PLAZO 30 DIAS;Peso Argentino;1.00;3;254924.01;254924.00;.01"
"netsuite;vonderk;2026-07-20 14:23;293145;FC A-00007-00046557;;28/04/2026;28/05/2026;Factura;Abierta;PLAZO 30 DIAS;Peso Argentino;1.00;6;16936579.37;13501405.12;3435174.25"
"netsuite;vonderk;2026-07-20 14:23;282221;E-FACTURA EXPORTACION A44;13353;27/04/2026;27/05/2026;Factura de venta;Abierta;PLAZO 30 DIAS;US Dollar;39.775;10;232105.669;.00;232105.669"
"netsuite;vonderk;2026-07-20 14:23;282337;FC E-00009-00000055;13353;27/04/2026;27/04/2026;Factura de venta;Abierta;Contado;US Dollar;1399.50;3;23651.55;.00;23651.55"
"netsuite;vonderk;2026-07-20 14:23;280800;FC E-00009-00000054;13353;24/04/2026;24/04/2026;Factura de venta;Abierta;Contado;US Dollar;1415.00;3;2965189.10;.00;2965189.10"
"netsuite;vonderk;2026-07-20 14:23;276785;MEX-9900021207;3964;22/04/2026;29/04/2026;Factura de venta;Abierta;PLAZO 7 DIAS;Peso Argentino;1.00;11;1422764.00;1420000.00;2764.00"
"netsuite;vonderk;2026-07-20 14:23;276935;FC A-00007-00046394;4160;22/04/2026;29/04/2026;Factura de venta;Abierta;PLAZO 7 DIAS;Peso Argentino;1.00;3;574520.10;.00;574520.10"
"netsuite;vonderk;2026-07-20 14:23;280809;FC C-00600-01706688;;22/04/2026;22/04/2026;Factura;Abierta;Contado;Peso Argentino;1.00;3;80749.00;80283.91;465.09"
"netsuite;vonderk;2026-07-20 14:23;270338;E-FACTURA EXPORTACION A43;13353;15/04/2026;15/05/2026;Factura de venta;Abierta;PLAZO 30 DIAS;US Dollar;40.225;10;944552.826;.00;944552.826"
"netsuite;vonderk;2026-07-20 14:23;268596;FC E-00009-00000049;13348;14/04/2026;14/05/2026;Factura de venta;Abierta;PLAZO 30 DIAS;US Dollar;1385.00;3;160106.00;.00;160106.00"
"netsuite;vonderk;2026-07-20 14:23;267548;MEX-9900000640;3882;13/04/2026;;Nota de crédito;Abierta;;Peso Argentino;1.00;11;-228604.22;228588.00;16.22"
"netsuite;vonderk;2026-07-20 14:23;267726;E-FACTURA EXPORTACION A42;13888;13/04/2026;13/05/2026;Factura de venta;Abierta;PLAZO 30 DIAS;US Dollar;40.355;10;26337474.843;26136851.525;200623.318"
"netsuite;vonderk;2026-07-20 14:23;267864;FC A-00001-00010497;;13/04/2026;13/05/2026;Factura;Abierta;PLAZO 30 DIAS;Peso Argentino;1.00;3;607015.86;607015.85;.01"
"netsuite;vonderk;2026-07-20 14:23;266889;FC A-05006-00010403;;12/04/2026;12/05/2026;Factura;Abierta;PLAZO 30 DIAS;Peso Argentino;1.00;3;64325.93;.00;64325.93"
"netsuite;vonderk;2026-07-20 14:23;269463;FC A-00564-00079668;;10/04/2026;10/05/2026;Factura;Abierta;PLAZO 30 DIAS;Peso Argentino;1.00;3;1559340.50;478032.48;1081308.02"
"netsuite;vonderk;2026-07-20 14:23;264039;NC A-00007-00001703;3856;09/04/2026;;Nota de crédito;Abierta;;Peso Argentino;1.00;3;-435460.59;.00;435460.59"
"netsuite;vonderk;2026-07-20 14:23;264034;FC A-00001-00010467;;08/04/2026;08/05/2026;Factura;Abierta;PLAZO 30 DIAS;Peso Argentino;1.00;3;1173660.07;1173660.06;.01"
"netsuite;vonderk;2026-07-20 14:23;273834;FC A-01331-02279471;;08/04/2026;08/05/2026;Factura;Abierta;PLAZO 30 DIAS;Peso Argentino;1.00;4;895714.64;.00;895714.64"
"netsuite;vonderk;2026-07-20 14:23;259740;FC A-00007-00045946;3821;06/04/2026;06/05/2026;Factura de venta;Abierta;PLAZO 30 DIAS;Peso Argentino;1.00;3;621168.02;.00;621168.02"
"netsuite;vonderk;2026-07-20 14:23;266887;FC A-05007-00026201;;06/04/2026;06/05/2026;Factura;Abierta;PLAZO 30 DIAS;Peso Argentino;1.00;3;115326.91;.00;115326.91"
"netsuite;vonderk;2026-07-20 14:23;258107;E-FACTURA EXPORTACION A41;13348;01/04/2026;01/05/2026;Factura de venta;Abierta;PLAZO 30 DIAS;US Dollar;40.645;10;1034014.709;.00;1034014.709"
"netsuite;vonderk;2026-07-20 14:23;252553;FC A-00079-00348453;;27/03/2026;26/04/2026;Factura;Abierta;PLAZO 30 DIAS;Peso Argentino;1.00;4;644793.91;.00;644793.91"
"netsuite;vonderk;2026-07-20 14:23;253265;FC A-00001-00010434;;27/03/2026;26/04/2026;Factura;Abierta;PLAZO 30 DIAS;Peso Argentino;1.00;3;968337.59;968337.58;.01"
"netsuite;vonderk;2026-07-20 14:23;251584;E-FACTURA EXPORTACION A40;13343;26/03/2026;25/04/2026;Factura de venta;Abierta;PLAZO 30 DIAS;US Dollar;40.54;10;8328223.476;.00;8328223.476"
"netsuite;vonderk;2026-07-20 14:23;250015;FC E-00009-00000046;13353;25/03/2026;24/04/2026;Factura de venta;Abierta;PLAZO 30 DIAS;US Dollar;1410.00;3;16834624.50;461775.00;16372849.50"
"netsuite;vonderk;2026-07-20 14:23;256779;FC A-02048-00000156;;21/03/2026;20/04/2026;Factura;Abierta;PLAZO 30 DIAS;Peso Argentino;1.00;3;889400.00;444700.01;444699.99"
"netsuite;vonderk;2026-07-20 14:23;247076;NC A-00007-00001676;3811;20/03/2026;;Nota de crédito;Abierta;;Peso Argentino;1.00;3;-127517.54;.00;127517.54"
"netsuite;vonderk;2026-07-20 14:23;247079;NC A-00007-00001677;3942;20/03/2026;;Nota de crédito;Abierta;;Peso Argentino;1.00;3;-248001.60;226390.03;21611.57"
"netsuite;vonderk;2026-07-20 14:23;248024;NC A-00002-00086301;;20/03/2026;;Crédito de factura;;;Peso Argentino;1.00;4;-355020.27;.00;355020.27"
"netsuite;vonderk;2026-07-20 14:23;261605;FC A-00507-00000998;;19/03/2026;18/04/2026;Factura;Abierta;PLAZO 30 DIAS;Peso Argentino;1.00;3;12099.18;12000.01;99.17"
"netsuite;vonderk;2026-07-20 14:23;252562;FC A-04264-06446408;;18/03/2026;17/04/2026;Factura;Abierta;PLAZO 30 DIAS;Peso Argentino;1.00;4;51723.51;.00;51723.51"
"netsuite;vonderk;2026-07-20 14:23;252576;FC A-04264-06467676;;18/03/2026;17/04/2026;Factura;Abierta;PLAZO 30 DIAS;Peso Argentino;1.00;4;81194.20;.00;81194.20"
"netsuite;vonderk;2026-07-20 14:23;258787;FC A-00711-08372679;;16/03/2026;15/04/2026;Factura;Abierta;PLAZO 30 DIAS;Peso Argentino;1.00;3;39512.16;.00;39512.16"
"netsuite;vonderk;2026-07-20 14:23;239265;MEX-9900000622;3772;13/03/2026;;Nota de crédito;Abierta;;Peso Argentino;1.00;11;-635297.25;259337.15;375960.10"
"netsuite;vonderk;2026-07-20 14:23;239271;NC A-00007-00001669;3849;13/03/2026;;Nota de crédito;Abierta;;Peso Argentino;1.00;3;-715748.88;485968.19;229780.69"
"netsuite;vonderk;2026-07-20 14:23;239272;NC A-00007-00001670;3849;13/03/2026;;Nota de crédito;Abierta;;Peso Argentino;1.00;3;-245760.08;208271.25;37488.83"
"netsuite;vonderk;2026-07-20 14:23;261629;FC A-00005-00059597;;13/03/2026;12/04/2026;Factura;Abierta;PLAZO 30 DIAS;Peso Argentino;1.00;3;23275.58;.00;23275.58"
"netsuite;vonderk;2026-07-20 14:23;238452;MEX-9900000618;3810;12/03/2026;;Nota de crédito;Abierta;;Peso Argentino;1.00;11;-72401.60;.00;72401.60"
"netsuite;vonderk;2026-07-20 14:23;261624;FC A-00005-00165203;;12/03/2026;11/04/2026;Factura;Abierta;PLAZO 30 DIAS;Peso Argentino;1.00;3;23275.58;.00;23275.58"
"netsuite;vonderk;2026-07-20 14:23;247811;FC A-00099-00043052;;11/03/2026;10/04/2026;Factura;Abierta;PLAZO 30 DIAS;Peso Argentino;1.00;3;476541.39;142963.39;333578.00"
"netsuite;vonderk;2026-07-20 14:23;248004;NC A-00007-00042643;;11/03/2026;;Crédito de factura;;;Peso Argentino;1.00;4;-261802.67;.00;261802.67"
"netsuite;vonderk;2026-07-20 14:23;247980;NC A-00007-02713421;;09/03/2026;;Crédito de factura;;;Peso Argentino;1.00;4;-53952.58;.00;53952.58"
"netsuite;vonderk;2026-07-20 14:23;233738;ND A-00001-00005371;;06/03/2026;05/04/2026;Factura;Abierta;PLAZO 30 DIAS;Peso Argentino;1.00;3;28176.53;28176.52;.01"
"netsuite;vonderk;2026-07-20 14:23;261601;FC A-00028-00000089;;06/03/2026;06/03/2026;Factura;Abierta;Tarjeta de Crédito;Peso Argentino;1.00;3;1374100.20;.00;1374100.20"
"netsuite;vonderk;2026-07-20 14:23;228213;MEX-9900020458;13799;04/03/2026;11/03/2026;Factura de venta;Abierta;PLAZO 7 DIAS;Peso Argentino;1.00;11;295782.20;.00;295782.20"
"netsuite;vonderk;2026-07-20 14:23;242025;FC A-00099-01422720;;04/03/2026;03/04/2026;Factura;Abierta;PLAZO 30 DIAS;Peso Argentino;1.00;4;286587.46;95529.46;191058.00"
"netsuite;vonderk;2026-07-20 14:23;229325;FC A-00024-00014138;;02/03/2026;01/04/2026;Factura;Abierta;PLAZO 30 DIAS;Peso Argentino;1.00;4;437103.00;.00;437103.00"
"netsuite;vonderk;2026-07-20 14:23;229326;FC A-00024-00014169;;02/03/2026;01/04/2026;Factura;Abierta;PLAZO 30 DIAS;Peso Argentino;1.00;4;131898.00;.00;131898.00"
"netsuite;vonderk;2026-07-20 14:23;235768;ME-352;;02/03/2026;;Asiento;Aprobado para contabilización;;Peso Argentino;1.00;3;-4419660.00;.00;4419660.00"
"netsuite;vonderk;2026-07-20 14:23;258790;FC A-00711-08311541;;02/03/2026;01/04/2026;Factura;Abierta;PLAZO 30 DIAS;Peso Argentino;1.00;3;32685.26;.00;32685.26"
"netsuite;vonderk;2026-07-20 14:23;232585;FC A-00050-05026443;;28/02/2026;30/03/2026;Factura;Abierta;PLAZO 30 DIAS;Peso Argentino;1.00;3;20487.90;.00;20487.90"
"netsuite;vonderk;2026-07-20 14:23;235767;ME-351;;28/02/2026;;Asiento;Aprobado para contabilización;;Peso Argentino;1.00;3;4419660.00;.00;4419660.00"
"netsuite;vonderk;2026-07-20 14:23;232745;ND A-00001-00005367;;27/02/2026;29/03/2026;Factura;Abierta;PLAZO 30 DIAS;Peso Argentino;1.00;3;10687.50;10687.49;.01"
"netsuite;vonderk;2026-07-20 14:23;232754;ND A-00001-00005366;;27/02/2026;29/03/2026;Factura;Abierta;PLAZO 30 DIAS;Peso Argentino;1.00;3;33373.70;33373.69;.01"
"netsuite;vonderk;2026-07-20 14:23;224940;FC A-00713-00000448;;26/02/2026;28/03/2026;Factura;Abierta;PLAZO 30 DIAS;Peso Argentino;1.00;3;946744.83;236686.23;710058.60"
"netsuite;vonderk;2026-07-20 14:23;222161;FC A-00001-00010265;;25/02/2026;27/03/2026;Factura;Abierta;PLAZO 30 DIAS;Peso Argentino;1.00;3;918838.91;918838.90;.01"
"netsuite;vonderk;2026-07-20 14:23;229043;FC A-00047-00018781;;22/02/2026;22/02/2026;Factura;Abierta;Tarjeta de Crédito;Peso Argentino;1.00;3;601592.50;580336.98;21255.52"
"netsuite;vonderk;2026-07-20 14:23;216990;NC A-00007-00001637;3954;20/02/2026;;Nota de crédito;Abierta;;Peso Argentino;1.00;3;-17242.50;.00;17242.50"
"netsuite;vonderk;2026-07-20 14:23;220174;FC A-00735-00001168;;19/02/2026;19/02/2026;Factura;Abierta;Tarjeta de Crédito;Peso Argentino;1.00;3;587905.99;338633.71;249272.28"
"netsuite;vonderk;2026-07-20 14:23;227512;FC A-00007-00036420;;12/02/2026;12/02/2026;Factura;Abierta;Contado;Peso Argentino;1.00;3;261880.16;154897.64;106982.52"
"netsuite;vonderk;2026-07-20 14:23;208419;FC A-00011-00002707;3812;11/02/2026;18/02/2026;Factura de venta;Abierta;PLAZO 7 DIAS;Peso Argentino;1.00;4;1934608.50;.00;1934608.50"
"netsuite;vonderk;2026-07-20 14:23;218744;FC A-00007-00008247;;11/02/2026;13/03/2026;Factura;Abierta;PLAZO 30 DIAS;Peso Argentino;1.00;3;121000.04;.00;121000.04"
"netsuite;vonderk;2026-07-20 14:23;207633;NC A-00007-00001622;4123;10/02/2026;;Nota de crédito;Abierta;;Peso Argentino;1.00;3;-546480.53;525632.69;20847.84"
"netsuite;vonderk;2026-07-20 14:23;206550;FC A-00001-00010219;;09/02/2026;11/03/2026;Factura;Abierta;PLAZO 30 DIAS;Peso Argentino;1.00;3;277697.98;277697.97;.01"
"netsuite;vonderk;2026-07-20 14:23;202250;FC E-00009-00000043;13353;04/02/2026;06/03/2026;Factura de venta;Abierta;PLAZO 30 DIAS;US Dollar;1465.00;3;2946320.10;.00;2946320.10"
"netsuite;vonderk;2026-07-20 14:23;202358;E-FACTURA EXPORTACION A37;13353;04/02/2026;06/03/2026;Factura de venta;Abierta;PLAZO 30 DIAS;US Dollar;38.54;10;1814385.339;.00;1814385.339"
"netsuite;vonderk;2026-07-20 14:23;199134;E-FACTURA A115;13351;02/02/2026;03/04/2026;Factura de venta;Abierta;PLAZO 60 DIAS;US Dollar;38.80;10;248099.703;.00;248099.703"
"netsuite;vonderk;2026-07-20 14:23;223086;2601080436-EU;;30/01/2026;01/03/2026;Factura;Abierta;PLAZO 30 DIAS;US Dollar;1465.00;3;2943185.00;.00;2943185.00"
"netsuite;vonderk;2026-07-20 14:23;205245;FC A-00010-00008276;;27/01/2026;27/01/2026;Factura;Abierta;Contado;Peso Argentino;1.00;3;4501200.00;.00;4501200.00"
"netsuite;vonderk;2026-07-20 14:23;211358;2601280437-UY;;27/01/2026;26/02/2026;Factura;Abierta;PLAZO 30 DIAS;US Dollar;1460.00;3;2049256.00;.00;2049256.00"
"netsuite;vonderk;2026-07-20 14:23;185780;FC A-00002-01679916;;18/01/2026;18/01/2026;Factura;Abierta;Contado;Peso Argentino;1.00;3;40000.00;.00;40000.00"
"netsuite;vonderk;2026-07-20 14:23;201446;FC A-00003-00001196;;18/01/2026;18/01/2026;Factura;Abierta;Tarjeta de Crédito;Peso Argentino;1.00;3;129700.00;106817.44;22882.56"
"netsuite;vonderk;2026-07-20 14:23;172766;E-FACTURA A114;13344;09/01/2026;09/01/2026;Factura de venta;Abierta;Contado;US Dollar;38.935;10;21454731.97;.00;21454731.97"
"netsuite;vonderk;2026-07-20 14:23;173183;FC A-00001-00010088;;09/01/2026;08/02/2026;Factura;Abierta;PLAZO 30 DIAS;Peso Argentino;1.00;3;647864.25;647864.24;.01"
"netsuite;vonderk;2026-07-20 14:23;173551;FC A-00001-00010101;;09/01/2026;08/02/2026;Factura;Abierta;PLAZO 30 DIAS;Peso Argentino;1.00;3;647864.25;647864.24;.01"
"netsuite;vonderk;2026-07-20 14:23;200797;FC A-00060-00440434;;08/01/2026;07/02/2026;Factura;Abierta;PLAZO 30 DIAS;Peso Argentino;1.00;4;60164.85;.00;60164.85"
"netsuite;vonderk;2026-07-20 14:23;170029;NC A-00007-00001595;3655;07/01/2026;;Nota de crédito;Abierta;;Peso Argentino;1.00;3;-808135.02;565728.04;242406.98"
"netsuite;vonderk;2026-07-20 14:23;173538;FC A-00002-00090328;;06/01/2026;06/01/2026;Factura;Abierta;Tarjeta de Crédito;Peso Argentino;1.00;3;34256.86;1554.00;32702.86"
"netsuite;vonderk;2026-07-20 14:23;200816;;;06/01/2026;05/02/2026;Factura;Abierta;PLAZO 30 DIAS;Peso Argentino;1.00;3;37183.00;.00;37183.00"
"netsuite;vonderk;2026-07-20 14:23;165187;25082140350-HS;;05/01/2026;04/02/2026;Factura;Abierta;PLAZO 30 DIAS;US Dollar;1475.00;3;43207971.50;.00;43207971.50"
"netsuite;vonderk;2026-07-20 14:23;278869;TDS-191;;31/12/2025;;Asiento;Aprobado para contabilización;;Peso Argentino;1.00;6;24805906.72;.00;24805906.72"
"netsuite;vonderk;2026-07-20 14:23;279135;TDS-193;;31/12/2025;;Asiento;Aprobado para contabilización;;Peso Argentino;1.00;6;120441119.60;.00;120441119.60"
"netsuite;vonderk;2026-07-20 14:23;288764;TDS-195;;31/12/2025;;Asiento;Aprobado para contabilización;;Peso Argentino;1.00;6;4898548.16;.00;4898548.16"
"netsuite;vonderk;2026-07-20 14:23;162846;FC A-00008-00031335;;30/12/2025;30/12/2025;Factura;Abierta;Tarjeta de Crédito;Peso Argentino;1.00;3;1301543.39;1241548.39;59995.00"
"netsuite;vonderk;2026-07-20 14:23;163363;FC E-00009-00000039;13353;30/12/2025;29/01/2026;Factura de venta;Abierta;PLAZO 30 DIAS;US Dollar;1475.00;3;3174318.00;.00;3174318.00"
"netsuite;vonderk;2026-07-20 14:23;351113;2509180376-SM;;30/12/2025;29/01/2026;Factura;Abierta;PLAZO 30 DIAS;US Dollar;1475.00;3;24507125.00;.00;24507125.00"
"netsuite;vonderk;2026-07-20 14:23;161882;E-FACTURA EXPORTACION A35;13343;29/12/2025;28/01/2026;Factura de venta;Abierta;PLAZO 30 DIAS;US Dollar;39.265;10;2054275.967;2038121.132;16154.835"
"netsuite;vonderk;2026-07-20 14:23;170418;FC A-00002-00005544;;29/12/2025;28/01/2026;Factura;Abierta;PLAZO 30 DIAS;Peso Argentino;1.00;3;296353.20;.00;296353.20"
"netsuite;vonderk;2026-07-20 14:23;171472;FC C-00004-00000031;;29/12/2025;28/01/2026;Factura;Abierta;PLAZO 30 DIAS;Peso Argentino;1.00;6;14000000.00;.00;14000000.00"
"netsuite;vonderk;2026-07-20 14:23;169160;FC A-00474-00001548;;28/12/2025;27/01/2026;Factura;Abierta;PLAZO 30 DIAS;Peso Argentino;1.00;3;972080.33;844344.84;127735.49"
"netsuite;vonderk;2026-07-20 14:23;195878;2511140414-OK;;26/12/2025;25/01/2026;Factura;Abierta;PLAZO 30 DIAS;US Dollar;1475.00;3;953882.50;.00;953882.50"
"netsuite;vonderk;2026-07-20 14:23;161701;FC A-00001-00000201;;24/12/2025;24/12/2025;Factura;Abierta;Tarjeta de Crédito;Peso Argentino;1.00;3;2826087.00;1648550.61;1177536.39"
"netsuite;vonderk;2026-07-20 14:23;168958;FC A-00016-00000859;;24/12/2025;23/01/2026;Factura;Abierta;PLAZO 30 DIAS;Peso Argentino;1.00;3;448800.00;374000.00;74800.00"
"netsuite;vonderk;2026-07-20 14:23;158899;FC A-00007-00043481;3651;23/12/2025;22/01/2026;Factura de venta;Abierta;PLAZO 30 DIAS;Peso Argentino;1.00;3;581150.30;.00;581150.30"
"netsuite;vonderk;2026-07-20 14:23;159035;FC A-00007-00043492;3651;23/12/2025;22/01/2026;Factura de venta;Abierta;PLAZO 30 DIAS;Peso Argentino;1.00;3;250668.14;.00;250668.14"
"netsuite;vonderk;2026-07-20 14:23;154917;FC A-00009-02254918;;17/12/2025;16/01/2026;Factura;Abierta;PLAZO 30 DIAS;Peso Argentino;1.00;3;672654.77;448440.00;224214.77"
"netsuite;vonderk;2026-07-20 14:23;151147;FC A-00007-00043242;3651;16/12/2025;15/01/2026;Factura de venta;Abierta;PLAZO 30 DIAS;Peso Argentino;1.00;3;894833.72;.00;894833.72"
"netsuite;vonderk;2026-07-20 14:23;151330;2511210417-UY;;16/12/2025;15/01/2026;Factura;Abierta;PLAZO 30 DIAS;US Dollar;1465.00;3;3486993.00;.00;3486993.00"
"netsuite;vonderk;2026-07-20 14:23;150709;E-FACTURA EXPORTACION A28;13353;15/12/2025;14/01/2026;Factura de venta;Abierta;PLAZO 30 DIAS;US Dollar;39.185;10;5981971.097;2476662.61;3505308.487"
"netsuite;vonderk;2026-07-20 14:23;350985;2511050398-AH;;15/12/2025;14/01/2026;Factura;Abierta;PLAZO 30 DIAS;US Dollar;1465.00;6;34310300.00;.00;34310300.00"
"netsuite;vonderk;2026-07-20 14:23;147786;MEX-9900000572;3780;11/12/2025;;Nota de crédito;Abierta;;Peso Argentino;1.00;11;-237125.70;237105.19;20.51"
"netsuite;vonderk;2026-07-20 14:23;146757;FC A-01331-01609176;;08/12/2025;02/01/2026;Factura;Abierta;PLAZO 30 DIAS;Peso Argentino;1.00;3;774370.98;772321.73;2049.25"
"netsuite;vonderk;2026-07-20 14:23;141443;FC A-00007-00042905;3651;04/12/2025;03/01/2026;Factura de venta;Abierta;PLAZO 30 DIAS;Peso Argentino;1.00;3;509410.97;.00;509410.97"
"netsuite;vonderk;2026-07-20 14:23;141465;FC A-00007-00042918;3651;04/12/2025;03/01/2026;Factura de venta;Abierta;PLAZO 30 DIAS;Peso Argentino;1.00;3;88071.54;.00;88071.54"
"netsuite;vonderk;2026-07-20 14:23;141470;FC A-00007-00042919;3651;04/12/2025;03/01/2026;Factura de venta;Abierta;PLAZO 30 DIAS;Peso Argentino;1.00;3;55120.82;.00;55120.82"
"netsuite;vonderk;2026-07-20 14:23;142113;E-FACTURA EXPORTACION A34;13353;04/12/2025;03/01/2026;Factura de venta;Abierta;PLAZO 30 DIAS;US Dollar;39.175;10;1822870.416;.00;1822870.416"
"netsuite;vonderk;2026-07-20 14:23;223062;2510160390 HS /1;;04/12/2025;03/01/2026;Factura;Abierta;PLAZO 30 DIAS;US Dollar;1480.00;3;2796489.60;.00;2796489.60"
"netsuite;vonderk;2026-07-20 14:23;135967;FC A-00007-00042759;3651;28/11/2025;28/12/2025;Factura de venta;Abierta;PLAZO 30 DIAS;Peso Argentino;1.00;3;1946662.52;415029.65;1531632.87"
"netsuite;vonderk;2026-07-20 14:23;135970;FC A-00007-00042761;3651;28/11/2025;28/12/2025;Factura de venta;Abierta;PLAZO 30 DIAS;Peso Argentino;1.00;3;91950.32;.00;91950.32"
"netsuite;vonderk;2026-07-20 14:23;135973;FC A-00007-00042763;3651;28/11/2025;28/12/2025;Factura de venta;Abierta;PLAZO 30 DIAS;Peso Argentino;1.00;3;311706.59;.00;311706.59"
"netsuite;vonderk;2026-07-20 14:23;136449;FC A-00007-00042804;3651;28/11/2025;28/12/2025;Factura de venta;Abierta;PLAZO 30 DIAS;Peso Argentino;1.00;3;6338962.96;.00;6338962.96"
"netsuite;vonderk;2026-07-20 14:23;139312;FC A-08212-00029320;;28/11/2025;28/12/2025;Factura;Abierta;PLAZO 30 DIAS;Peso Argentino;1.00;3;96995.69;.00;96995.69"
"netsuite;vonderk;2026-07-20 14:23;352196;2511070400-MW;;28/11/2025;28/12/2025;Factura;Abierta;PLAZO 30 DIAS;US Dollar;1475.00;3;30598875.00;.00;30598875.00"
"netsuite;vonderk;2026-07-20 14:23;135371;MEX-9900000560;4075;27/11/2025;;Nota de crédito;Abierta;;Peso Argentino;1.00;11;-453562.50;449387.20;4175.30"
"netsuite;vonderk;2026-07-20 14:23;134735;FC A-00002-00002940;;26/11/2025;26/11/2025;Factura;Abierta;Contado;Peso Argentino;1.00;3;421080.00;222800.00;198280.00"
"netsuite;vonderk;2026-07-20 14:23;143555;;;25/11/2025;25/12/2025;Factura;Abierta;PLAZO 30 DIAS;Peso Argentino;1.00;6;14000000.00;.00;14000000.00"
"netsuite;vonderk;2026-07-20 14:23;188665;MEX-680;;25/11/2025;;Asiento;Aprobado para contabilización;;US Dollar;1450.00;11;-14775500.00;.00;14775500.00"
"netsuite;vonderk;2026-07-20 14:23;223054;2510160390 HS;;25/11/2025;25/12/2025;Factura;Abierta;PLAZO 30 DIAS;US Dollar;1450.00;3;30224380.00;.00;30224380.00"
"netsuite;vonderk;2026-07-20 14:23;352183;2509240380-LT;;22/11/2025;22/12/2025;Factura;Abierta;PLAZO 30 DIAS;US Dollar;1425.00;3;55125127.50;.00;55125127.50"
"netsuite;vonderk;2026-07-20 14:23;179790;2509300384-SR;;20/11/2025;20/12/2025;Factura;Abierta;PLAZO 30 DIAS;US Dollar;1430.00;3;11407253.00;.00;11407253.00"
"netsuite;vonderk;2026-07-20 14:23;127232;FC A-00003-00005471;;19/11/2025;19/12/2025;Factura;Abierta;PLAZO 30 DIAS;Peso Argentino;1.00;3;222063.70;222063.69;.01"
"netsuite;vonderk;2026-07-20 14:23;128316;E-FACTURA EXPORTACION A33;13343;19/11/2025;19/12/2025;Factura de venta;Abierta;PLAZO 30 DIAS;US Dollar;39.825;10;3887329.985;3791749.439;95580.546"
"netsuite;vonderk;2026-07-20 14:23;128331;E-FACTURA EXPORTACION A32;13353;19/11/2025;19/12/2025;Factura de venta;Abierta;PLAZO 30 DIAS;US Dollar;39.825;10;3095799.633;1853116.075;1242683.558"
"netsuite;vonderk;2026-07-20 14:23;350993;2508220363-SE;;17/11/2025;17/12/2025;Factura;Abierta;PLAZO 30 DIAS;US Dollar;1425.00;3;2835750.00;.00;2835750.00"
"netsuite;vonderk;2026-07-20 14:23;223064;2509250381-EU;;15/11/2025;15/12/2025;Factura;Abierta;PLAZO 30 DIAS;US Dollar;1403.00;3;34828352.60;.00;34828352.60"
"netsuite;vonderk;2026-07-20 14:23;354421;2510270397-FY-AIR;;14/11/2025;14/12/2025;Factura;Abierta;PLAZO 30 DIAS;US Dollar;1430.00;3;511940.00;.00;511940.00"
"netsuite;vonderk;2026-07-20 14:23;131952;FC A-00001-00001167;;13/11/2025;13/11/2025;Factura;Abierta;Tarjeta de Crédito;Peso Argentino;1.00;3;18599.20;18011.69;587.51"
"netsuite;vonderk;2026-07-20 14:23;125292;FC A-00003-00055617;;12/11/2025;12/11/2025;Factura;Abierta;Tarjeta de Crédito;Peso Argentino;1.00;4;55735.20;54063.15;1672.05"
"netsuite;vonderk;2026-07-20 14:23;118445;FC A-00002-00004592;;11/11/2025;11/12/2025;Factura;Abierta;PLAZO 30 DIAS;Peso Argentino;1.00;3;57800.01;47768.60;10031.41"
"netsuite;vonderk;2026-07-20 14:23;116322;FC E-00009-00000034;13348;10/11/2025;10/11/2025;Factura de venta;Abierta;Contado;US Dollar;1445.00;3;382043.55;.00;382043.55"
"netsuite;vonderk;2026-07-20 14:23;125285;FC A-00006-00055159;;10/11/2025;10/12/2025;Factura;Abierta;PLAZO 30 DIAS;Peso Argentino;1.00;4;64995.00;61495.00;3500.00"
"netsuite;vonderk;2026-07-20 14:23;351237;2509230379-UH;;10/11/2025;10/12/2025;Factura;Abierta;PLAZO 30 DIAS;US Dollar;1445.00;3;35258000.00;.00;35258000.00"
"netsuite;vonderk;2026-07-20 14:23;114909;E-FACTURA EXPORTACION A20;13343;07/11/2025;07/12/2025;Factura de venta;Abierta;PLAZO 30 DIAS;US Dollar;39.825;10;3157052.44;.00;3157052.44"
"netsuite;vonderk;2026-07-20 14:23;194934;2508220361-LT;;07/11/2025;07/12/2025;Factura;Abierta;PLAZO 30 DIAS;US Dollar;1475.00;3;77298260.00;.00;77298260.00"
"netsuite;vonderk;2026-07-20 14:23;179788;2508200357-EU / 2508200358-EU;;06/11/2025;06/12/2025;Factura;Abierta;PLAZO 30 DIAS;US Dollar;1475.00;3;103821577.25;.00;103821577.25"
"netsuite;vonderk;2026-07-20 14:23;195769;2508200358 EU AIR;;06/11/2025;06/12/2025;Factura;Abierta;PLAZO 30 DIAS;US Dollar;1475.00;3;1015832.50;.00;1015832.50"
"netsuite;vonderk;2026-07-20 14:23;350988;2508180352-FY;;05/11/2025;05/12/2025;Factura;Abierta;PLAZO 30 DIAS;US Dollar;1485.00;3;8780211.00;.00;8780211.00"
"netsuite;vonderk;2026-07-20 14:23;112457;E-FACTURA EXPORTACION A19;13353;04/11/2025;04/11/2025;Factura de venta;Abierta;Contado;US Dollar;39.815;10;73352235.956;43569103.595;29783132.361"
"netsuite;vonderk;2026-07-20 14:23;125204;FC A-00020-00005334;;04/11/2025;04/12/2025;Factura;Abierta;PLAZO 30 DIAS;Peso Argentino;1.00;4;1600000.00;1333333.34;266666.66"
"netsuite;vonderk;2026-07-20 14:23;269786;E005uyAgimex-Bolivia;;04/11/2025;;Crédito de factura;;;US Dollar;39.815;10;-42883158.075;.00;42883158.075"
"netsuite;vonderk;2026-07-20 14:23;110504;FC A-02188-00161273;;03/11/2025;03/12/2025;Factura;Abierta;PLAZO 30 DIAS;Peso Argentino;1.00;3;266898.45;266142.82;755.63"
"netsuite;vonderk;2026-07-20 14:23;140480;2510070386 EU;;03/11/2025;03/12/2025;Factura;Abierta;PLAZO 30 DIAS;US Dollar;1475.00;3;4307000.00;.00;4307000.00"
"netsuite;vonderk;2026-07-20 14:23;352179;2507180346-MI;;02/11/2025;02/12/2025;Factura;Abierta;PLAZO 30 DIAS;US Dollar;1452.25;3;11484393.00;.00;11484393.00"
"netsuite;vonderk;2026-07-20 14:23;129291;2507180346-MI-MUESTRA;;30/10/2025;29/11/2025;Factura;Abierta;PLAZO 30 DIAS;US Dollar;1460.00;3;426320.00;.00;426320.00"
"netsuite;vonderk;2026-07-20 14:23;129408;2509100375-KY;;30/10/2025;29/11/2025;Factura;Abierta;PLAZO 30 DIAS;US Dollar;1460.00;3;642779.60;.00;642779.60"
"netsuite;vonderk;2026-07-20 14:23;129267;XL - CLIP - 001/25;;29/10/2025;28/11/2025;Factura;Abierta;PLAZO 30 DIAS;US Dollar;1495.00;3;926900.00;.00;926900.00"
"netsuite;vonderk;2026-07-20 14:23;180478;2510010385 TN;;29/10/2025;28/11/2025;Factura;Abierta;PLAZO 30 DIAS;US Dollar;1495.00;3;2324784.80;.00;2324784.80"
"netsuite;vonderk;2026-07-20 14:23;95157;;;20/10/2025;19/11/2025;Factura;Abierta;PLAZO 30 DIAS;Peso Argentino;1.00;3;158201.61;.00;158201.61"
"netsuite;vonderk;2026-07-20 14:23;129276;2509260382 FY;;20/10/2025;19/11/2025;Factura;Abierta;PLAZO 30 DIAS;US Dollar;1475.00;3;777325.00;.00;777325.00"
"netsuite;vonderk;2026-07-20 14:23;129299;2509080372-UH SAMPLE;;20/10/2025;19/11/2025;Factura;Abierta;PLAZO 30 DIAS;US Dollar;1475.00;3;295590.00;.00;295590.00"
"netsuite;vonderk;2026-07-20 14:23;129302;2509100368-UH SAMPLE;;20/10/2025;19/11/2025;Factura;Abierta;PLAZO 30 DIAS;US Dollar;1475.00;3;205172.50;.00;205172.50"
"netsuite;vonderk;2026-07-20 14:23;129303;MUESTRAS - XS;;20/10/2025;19/11/2025;Factura;Abierta;PLAZO 30 DIAS;US Dollar;1475.00;3;525513.00;.00;525513.00"
"netsuite;vonderk;2026-07-20 14:23;129407;2509220378 EU;;20/10/2025;19/11/2025;Factura;Abierta;PLAZO 30 DIAS;US Dollar;1475.00;3;1989922.50;.00;1989922.50"
"netsuite;vonderk;2026-07-20 14:23;191769;2509050371-AH;;20/10/2025;19/11/2025;Factura;Abierta;PLAZO 30 DIAS;US Dollar;1475.00;6;7670000.00;.00;7670000.00"
"netsuite;vonderk;2026-07-20 14:23;92297;FC E-00009-00000032;13353;16/10/2025;16/10/2025;Factura de venta;Abierta;Contado;US Dollar;1405.00;3;1315782.50;.00;1315782.50"
"netsuite;vonderk;2026-07-20 14:23;124365;FC A-00020-00005267;;16/10/2025;15/11/2025;Factura;Abierta;PLAZO 30 DIAS;Peso Argentino;1.00;4;250000.00;208333.31;41666.69"
"netsuite;vonderk;2026-07-20 14:23;129278;2509260383-AN;;16/10/2025;15/11/2025;Factura;Abierta;PLAZO 30 DIAS;US Dollar;1405.00;3;878125.00;.00;878125.00"
"netsuite;vonderk;2026-07-20 14:23;179792;2507160344 SE;;16/10/2025;15/11/2025;Factura;Abierta;PLAZO 30 DIAS;US Dollar;1405.00;3;18791875.00;.00;18791875.00"
"netsuite;vonderk;2026-07-20 14:23;179901;2508140348-UH / 2509080373 UH;;15/10/2025;14/11/2025;Factura;Abierta;PLAZO 30 DIAS;US Dollar;1385.00;3;90021953.00;.00;90021953.00"
"netsuite;vonderk;2026-07-20 14:23;194937;2508200355-LD;;15/10/2025;14/11/2025;Factura;Abierta;PLAZO 30 DIAS;US Dollar;1385.00;3;23172268.80;.00;23172268.80"
"netsuite;vonderk;2026-07-20 14:23;211342;2508220360-OK;;15/10/2025;14/11/2025;Factura;Abierta;PLAZO 30 DIAS;US Dollar;1385.00;3;72133847.00;.00;72133847.00"
"netsuite;vonderk;2026-07-20 14:23;180475;2508220362-LK;;13/10/2025;12/11/2025;Factura;Abierta;PLAZO 30 DIAS;US Dollar;1450.00;3;5928441.00;.00;5928441.00"
"netsuite;vonderk;2026-07-20 14:23;186352;2508220359-MT;;08/10/2025;07/11/2025;Factura;Abierta;PLAZO 30 DIAS;US Dollar;1455.00;3;12425700.00;.00;12425700.00"
"netsuite;vonderk;2026-07-20 14:23;143106;2508140351-GS;;06/10/2025;05/11/2025;Factura;Abierta;PLAZO 30 DIAS;US Dollar;1450.00;3;4357250.00;.00;4357250.00"
"netsuite;vonderk;2026-07-20 14:23;85611;FC A-00712-00002501;;05/10/2025;04/11/2025;Factura;Abierta;PLAZO 30 DIAS;Peso Argentino;1.00;3;1239651.86;826434.58;413217.28"
"netsuite;vonderk;2026-07-20 14:23;81620;FC A-00050-00000769;;03/10/2025;03/10/2025;Factura;Abierta;Contado;Peso Argentino;1.00;3;477225.36;454366.65;22858.71"
"netsuite;vonderk;2026-07-20 14:23;81967;FC E-00009-00000027;13343;03/10/2025;02/11/2025;Factura de venta;Abierta;PLAZO 30 DIAS;US Dollar;1450.00;3;1006749.50;.00;1006749.50"
"netsuite;vonderk;2026-07-20 14:23;79897;2504250309-LT;;02/10/2025;01/11/2025;Factura;Abierta;PLAZO 30 DIAS;US Dollar;1423.00;3;82158612.60;.00;82158612.60"
"netsuite;vonderk;2026-07-20 14:23;179791;2508180354-AN;;01/10/2025;31/10/2025;Factura;Abierta;PLAZO 30 DIAS;US Dollar;1380.00;3;19762980.00;.00;19762980.00"
"netsuite;vonderk;2026-07-20 14:23;77156;E-FACTURA EXPORTACION A15;13829;29/09/2025;29/09/2025;Factura de venta;Abierta;Contado;US Dollar;39.875;10;3424712.598;3390533.66;34178.938"
"netsuite;vonderk;2026-07-20 14:23;78025;FC A-00031-00304322;;27/09/2025;27/10/2025;Factura;Abierta;PLAZO 30 DIAS;Peso Argentino;1.00;4;1543999.20;.00;1543999.20"
"netsuite;vonderk;2026-07-20 14:23;75551;MEX-9900000533;4092;26/09/2025;;Nota de crédito;Abierta;;Peso Argentino;1.00;11;-5343.00;5334.90;8.10"
"netsuite;vonderk;2026-07-20 14:23;72556;NC E-00006-00000003;13353;24/09/2025;;Nota de crédito;Abierta;;US Dollar;1345.00;6;-345665.00;.00;345665.00"
"netsuite;vonderk;2026-07-20 14:23;175029;2508130535 DDH -2509050370-DDh;;24/09/2025;24/10/2025;Factura;Abierta;PLAZO 30 DIAS;US Dollar;1385.00;3;23257252.40;.00;23257252.40"
"netsuite;vonderk;2026-07-20 14:23;186345;2505020312-OK;;24/09/2025;24/10/2025;Factura;Abierta;PLAZO 30 DIAS;US Dollar;1385.00;3;25705600.00;.00;25705600.00"
"netsuite;vonderk;2026-07-20 14:23;72103;NC A-00007-00001452;3955;23/09/2025;;Nota de crédito;Abierta;;Peso Argentino;1.00;3;-207179.35;10602.29;196577.06"
"netsuite;vonderk;2026-07-20 14:23;72203;E-FACTURA EXPORTACION A12;13343;23/09/2025;23/09/2025;Factura de venta;Abierta;Contado;US Dollar;39.825;10;4663579.449;4472418.357;191161.092"
"netsuite;vonderk;2026-07-20 14:23;103265;2509050370-DH;;19/09/2025;19/10/2025;Factura;Abierta;PLAZO 30 DIAS;US Dollar;1495.00;3;5346120.00;.00;5346120.00"
"netsuite;vonderk;2026-07-20 14:23;67727;2508050347-AN;;18/09/2025;18/10/2025;Factura;Abierta;PLAZO 30 DIAS;US Dollar;1485.00;3;7905694.50;.00;7905694.50"
"netsuite;vonderk;2026-07-20 14:23;72693;FC A-00014-42643000;;18/09/2025;18/10/2025;Factura;Abierta;PLAZO 30 DIAS;Peso Argentino;1.00;4;465307.19;279192.00;186115.19"
"netsuite;vonderk;2026-07-20 14:23;187947;MEX-676;;18/09/2025;;Asiento;Aprobado para contabilización;;US Dollar;1485.00;11;-46385460.00;.00;46385460.00"
"netsuite;vonderk;2026-07-20 14:23;62596;2505020312-OK SAMPLES BRUMA;;12/09/2025;12/10/2025;Factura;Abierta;PLAZO 30 DIAS;US Dollar;1445.00;3;107970.40;.00;107970.40"
"netsuite;vonderk;2026-07-20 14:23;61527;E-FACTURA EXPORTACION A7;13805;11/09/2025;;Factura de venta;Abierta;;US Dollar;40.025;10;9436508.323;9436494.609;13.714"
"netsuite;vonderk;2026-07-20 14:23;62427;FC A-00007-00000538;;11/09/2025;11/09/2025;Factura;Abierta;Contado;Peso Argentino;1.00;4;373747.52;249165.02;124582.50"
"netsuite;vonderk;2026-07-20 14:23;66660;FC A-00011-00001329;;09/09/2025;09/10/2025;Factura;Abierta;PLAZO 30 DIAS;Peso Argentino;1.00;4;102000.00;.00;102000.00"
"netsuite;vonderk;2026-07-20 14:23;359648;ASI_UY-42;;09/09/2025;;Asiento;Aprobado para contabilización;;US Dollar;39.965;10;1386816.382;.00;1386816.382"
"netsuite;vonderk;2026-07-20 14:23;129266;2508200356-MW;;05/09/2025;05/10/2025;Factura;Abierta;PLAZO 30 DIAS;US Dollar;1375.00;3;44845625.00;44841403.75;4221.25"
"netsuite;vonderk;2026-07-20 14:23;53391;2508140349-UY;;04/09/2025;04/10/2025;Factura;Abierta;PLAZO 30 DIAS;US Dollar;1361.50;3;8338792.67;.00;8338792.67"
"netsuite;vonderk;2026-07-20 14:23;51075;NC A-00007-00001422;3680;02/09/2025;;Nota de crédito;Abierta;;Peso Argentino;1.00;3;-44029.38;36075.26;7954.12"
"netsuite;vonderk;2026-07-20 14:23;51994;FC A-00003-00006809;;02/09/2025;02/09/2025;Factura;Abierta;Contado;Peso Argentino;1.00;3;36300.00;.00;36300.00"
"netsuite;vonderk;2026-07-20 14:23;66323;FC A-00024-00124680;;01/09/2025;01/10/2025;Factura;Abierta;PLAZO 30 DIAS;Peso Argentino;1.00;4;300041.95;200026.95;100015.00"
"netsuite;vonderk;2026-07-20 14:23;268303;E003uy-Agimex-Bolivia;;29/08/2025;;Crédito de factura;;;US Dollar;40.025;10;-17665837.519;14192246.927;3473590.592"
"netsuite;vonderk;2026-07-20 14:23;268470;E004uy-Agimex-Bolivia;;29/08/2025;;Crédito de factura;;;US Dollar;40.025;10;-21174065.109;.00;21174065.109"
"netsuite;vonderk;2026-07-20 14:23;72359;Nota de Credito E-Ticket A112;13343;27/08/2025;;Nota de crédito;Abierta;;US Dollar;40.442;10;-1386590.781;.00;1386590.781"
"netsuite;vonderk;2026-07-20 14:23;72360;Nota de Credito E-Ticket A111;13343;27/08/2025;;Nota de crédito;Abierta;;US Dollar;40.442;10;-20022.286;.00;20022.286"
"netsuite;vonderk;2026-07-20 14:23;45160;;;26/08/2025;25/09/2025;Factura;Abierta;PLAZO 30 DIAS;Peso Argentino;1.00;3;3733.18;.00;3733.18"
"netsuite;vonderk;2026-07-20 14:23;63149;2507080337-AH / 2507180345-AH AIR;;22/08/2025;21/09/2025;Factura;Abierta;PLAZO 30 DIAS;US Dollar;1325.00;6;12677600.00;2550625.00;10126975.00"
"netsuite;vonderk;2026-07-20 14:23;175031;2507080337-2507180345AH-SEA;;22/08/2025;21/09/2025;Factura;Abierta;PLAZO 30 DIAS;US Dollar;1325.00;6;16342550.00;.00;16342550.00"
"netsuite;vonderk;2026-07-20 14:23;30472;2502190288-AH;;12/08/2025;11/09/2025;Factura;Abierta;PLAZO 30 DIAS;US Dollar;1335.00;6;35651175.00;.00;35651175.00"
"netsuite;vonderk;2026-07-20 14:23;25707;ME-45;;07/08/2025;;Asiento;Aprobado para contabilización;;Peso Argentino;1.00;3;-6659200.70;.00;6659200.70"
"netsuite;vonderk;2026-07-20 14:23;186235;2506020330 EU SAM-330-EU;;04/08/2025;03/09/2025;Factura;Abierta;PLAZO 30 DIAS;US Dollar;1097.50;3;5959468.90;.00;5959468.90"
"netsuite;vonderk;2026-07-20 14:23;21831;FC A-00001-00086301;;01/08/2025;31/08/2025;Factura;Abierta;PLAZO 30 DIAS;Peso Argentino;1.00;4;1605660.90;1284528.00;321132.90"
"netsuite;vonderk;2026-07-20 14:23;19750;MEX-81;;31/07/2025;;Asiento;Aprobado para contabilización;;Peso Argentino;1.00;11;-14881544.23;.00;14881544.23"
"netsuite;vonderk;2026-07-20 14:23;19751;GOX-4;;31/07/2025;;Asiento;Aprobado para contabilización;;Peso Argentino;1.00;14;-416128.10;.00;416128.10"
"netsuite;vonderk;2026-07-20 14:23;18118;FC A-00006-00000046;13623;30/07/2025;29/08/2025;Factura de venta;Abierta;PLAZO 30 DIAS;US Dollar;1097.50;6;1741282.54;.00;1741282.54"
"netsuite;vonderk;2026-07-20 14:23;26518;FC A-00004-00004813;;30/07/2025;29/08/2025;Factura;Abierta;PLAZO 30 DIAS;Peso Argentino;1.00;4;53240.00;.00;53240.00"
"netsuite;vonderk;2026-07-20 14:23;14836;MEX-74;;29/07/2025;;Asiento;Aprobado para contabilización;;Peso Argentino;1.00;11;-87711030.56;.00;87711030.56"
"netsuite;vonderk;2026-07-20 14:23;14836;MEX-74;;29/07/2025;;Asiento;Aprobado para contabilización;;Peso Argentino;1.00;11;1653275.82;.00;1653275.82"
"netsuite;vonderk;2026-07-20 14:23;13857;NC A-00007-00001365;4081;28/07/2025;;Nota de crédito;Abierta;;Peso Argentino;1.00;3;-28134.48;27501.96;632.52"
"netsuite;vonderk;2026-07-20 14:23;14377;NC A-00007-00001369;3880;28/07/2025;;Nota de crédito;Abierta;;Peso Argentino;1.00;3;-390452.53;390452.37;.16"
"netsuite;vonderk;2026-07-20 14:23;19664;A9999900001611;4173;28/07/2025;30/07/2025;Factura de venta;Abierta;PLAZO 30 DIAS;Peso Argentino;1.00;14;58167.50;.00;58167.50"
"netsuite;vonderk;2026-07-20 14:23;10101;ME-28;;22/07/2025;;Asiento;Aprobado para contabilización;;Peso Argentino;1.00;3;-919326.66;.00;919326.66"
"netsuite;vonderk;2026-07-20 14:23;9604;ME-26;;21/07/2025;;Asiento;Aprobado para contabilización;;Peso Argentino;1.00;3;-6926000.00;.00;6926000.00"
"netsuite;vonderk;2026-07-20 14:23;5162;2502200290 XS;;18/07/2025;17/08/2025;Factura;Abierta;PLAZO 30 DIAS;US Dollar;1274.00;3;33871557.72;32929587.60;941970.12"
"netsuite;vonderk;2026-07-20 14:23;5271;SAMPLE/SEE-001/2025;;18/07/2025;17/08/2025;Factura;Abierta;PLAZO 30 DIAS;US Dollar;1274.00;3;401310.00;.00;401310.00"
"netsuite;vonderk;2026-07-20 14:23;7231;FC A-00006-00016945;;16/07/2025;27/07/2025;Factura;Abierta;PLAZO 30 DIAS;Peso Argentino;1.00;3;225558.04;139633.04;85925.00"
"netsuite;vonderk;2026-07-20 14:23;9946;FC A-00003-00011964;;15/07/2025;15/07/2025;Factura;Abierta;;Peso Argentino;1.00;3;294272.00;63900.10;230371.90"
"netsuite;vonderk;2026-07-20 14:23;23536;FC A-00387-00041277;;15/07/2025;14/08/2025;Factura;Abierta;PLAZO 30 DIAS;Peso Argentino;1.00;4;105311.42;.00;105311.42"
"netsuite;vonderk;2026-07-20 14:23;23581;NC A-00387-00018073;;15/07/2025;;Crédito de factura;;;Peso Argentino;1.00;4;-10444.82;.00;10444.82"
"netsuite;vonderk;2026-07-20 14:23;23586;NC A-00387-00018074;;15/07/2025;;Crédito de factura;;;Peso Argentino;1.00;4;-86.32;.00;86.32"
"netsuite;vonderk;2026-07-20 14:23;34420;FC A-00003-03202638;;11/07/2025;10/08/2025;Factura;Abierta;PLAZO 30 DIAS;Peso Argentino;1.00;6;20577.49;.00;20577.49"
"netsuite;vonderk;2026-07-20 14:23;27387;FC A-00017-00001725;;04/07/2025;04/07/2025;Factura;Abierta;;Peso Argentino;1.00;4;111104.00;.00;111104.00"
"netsuite;vonderk;2026-07-20 14:23;103297;2505080315-LD;;03/07/2025;02/08/2025;Factura;Abierta;PLAZO 30 DIAS;US Dollar;1229.00;3;16908582.00;16897434.97;11147.03"
"netsuite;vonderk;2026-07-20 14:23;278864;TDS-186;;02/07/2025;;Asiento;Aprobado para contabilización;;Peso Argentino;1.00;6;-64021451.64;.00;64021451.64"
"netsuite;vonderk;2026-07-20 14:23;278864;TDS-186;;02/07/2025;;Asiento;Aprobado para contabilización;;Peso Argentino;1.00;6;64021451.64;.00;64021451.64"
"netsuite;vonderk;2026-07-20 14:23;278865;TDS-187;;02/07/2025;;Asiento;Aprobado para contabilización;;Peso Argentino;1.00;6;-64938628.18;.00;64938628.18"
"netsuite;vonderk;2026-07-20 14:23;278866;TDS-188;;02/07/2025;;Asiento;Aprobado para contabilización;;Peso Argentino;1.00;6;64021451.64;.00;64021451.64"
"netsuite;vonderk;2026-07-20 14:23;278867;TDS-189;;02/07/2025;;Asiento;Aprobado para contabilización;;Peso Argentino;1.00;6;948438.58;.00;948438.58"
"netsuite;vonderk;2026-07-20 14:23;278868;TDS-190;;02/07/2025;;Asiento;Aprobado para contabilización;;Peso Argentino;1.00;6;-31262.04;.00;31262.04"
"netsuite;vonderk;2026-07-20 14:23;6389;FC A-00002-00010543;;01/07/2025;31/07/2025;Factura;Abierta;PLAZO 30 DIAS;Peso Argentino;1.00;3;209814.00;67881.00;141933.00"
"netsuite;vonderk;2026-07-20 14:23;33253;00000A00012393;;01/07/2025;31/07/2025;Factura;Abierta;PLAZO 10 DIAS;Peso Uruguayo;1.00;10;133544.649;.00;133544.649"
"netsuite;vonderk;2026-07-20 14:23;103285;2505300325-AN;;01/07/2025;31/07/2025;Factura;Abierta;PLAZO 30 DIAS;US Dollar;1205.00;3;20437257.90;18075000.00;2362257.90"
"netsuite;vonderk;2026-07-20 14:23;298469;ME-444;;01/07/2025;;Asiento;Aprobado para contabilización;;Peso Argentino;1.00;3;-4433017.57;.00;4433017.57"
"netsuite;vonderk;2026-07-20 14:23;298493;ME-445;;01/07/2025;;Asiento;Aprobado para contabilización;;Peso Argentino;1.00;3;-33557527.51;.00;33557527.51"
"netsuite;vonderk;2026-07-20 14:23;344244;ASI_ME-517;;01/07/2025;;Asiento;Aprobado para contabilización;;Peso Argentino;1.00;3;-360296.10;.00;360296.10"
"netsuite;vonderk;2026-07-20 14:23;573;ME-1;;30/06/2025;;Asiento;Aprobado para contabilización;;Peso Argentino;1.00;3;-33557527.51;.00;33557527.51"
"netsuite;vonderk;2026-07-20 14:23;774;ME-2;;30/06/2025;;Asiento;Aprobado para contabilización;;Peso Argentino;1.00;3;368718.90;.00;368718.90"
"netsuite;vonderk;2026-07-20 14:23;774;ME-2;;30/06/2025;;Asiento;Aprobado para contabilización;;Peso Argentino;1.00;3;510599.43;.00;510599.43"
"netsuite;vonderk;2026-07-20 14:23;774;ME-2;;30/06/2025;;Asiento;Aprobado para contabilización;;Peso Argentino;1.00;3;286.29;.00;286.29"
"netsuite;vonderk;2026-07-20 14:23;774;ME-2;;30/06/2025;;Asiento;Aprobado para contabilización;;Peso Argentino;1.00;3;399.14;.00;399.14"
"netsuite;vonderk;2026-07-20 14:23;774;ME-2;;30/06/2025;;Asiento;Aprobado para contabilización;;Peso Argentino;1.00;3;1105.75;.00;1105.75"
"netsuite;vonderk;2026-07-20 14:23;774;ME-2;;30/06/2025;;Asiento;Aprobado para contabilización;;Peso Argentino;1.00;3;1171.74;.00;1171.74"
"netsuite;vonderk;2026-07-20 14:23;774;ME-2;;30/06/2025;;Asiento;Aprobado para contabilización;;Peso Argentino;1.00;3;686.55;.00;686.55"
"netsuite;vonderk;2026-07-20 14:23;774;ME-2;;30/06/2025;;Asiento;Aprobado para contabilización;;Peso Argentino;1.00;3;2599.96;.00;2599.96"
"netsuite;vonderk;2026-07-20 14:23;774;ME-2;;30/06/2025;;Asiento;Aprobado para contabilización;;Peso Argentino;1.00;3;1299.98;.00;1299.98"
"netsuite;vonderk;2026-07-20 14:23;774;ME-2;;30/06/2025;;Asiento;Aprobado para contabilización;;Peso Argentino;1.00;3;20649.83;18894.22;1755.61"
"netsuite;vonderk;2026-07-20 14:23;774;ME-2;;30/06/2025;;Asiento;Aprobado para contabilización;;Peso Argentino;1.00;3;55989.00;.00;55989.00"
"netsuite;vonderk;2026-07-20 14:23;775;ME-3;;30/06/2025;;Asiento;Aprobado para contabilización;;Peso Argentino;1.00;3;-8293.38;.00;8293.38"
"netsuite;vonderk;2026-07-20 14:23;775;ME-3;;30/06/2025;;Asiento;Aprobado para contabilización;;Peso Argentino;1.00;3;-85925.00;.00;85925.00"
"netsuite;vonderk;2026-07-20 14:23;775;ME-3;;30/06/2025;;Asiento;Aprobado para contabilización;;Peso Argentino;1.00;3;-141933.00;.00;141933.00"
"netsuite;vonderk;2026-07-20 14:23;775;ME-3;;30/06/2025;;Asiento;Aprobado para contabilización;;Peso Argentino;1.00;3;-291633.42;.00;291633.42"
"netsuite;vonderk;2026-07-20 14:23;775;ME-3;;30/06/2025;;Asiento;Aprobado para contabilización;;Peso Argentino;1.00;3;-385163.57;.00;385163.57"
"netsuite;vonderk;2026-07-20 14:23;775;ME-3;;30/06/2025;;Asiento;Aprobado para contabilización;;Peso Argentino;1.00;3;-513989.02;.00;513989.02"
"netsuite;vonderk;2026-07-20 14:23;775;ME-3;;30/06/2025;;Asiento;Aprobado para contabilización;;Peso Argentino;1.00;3;-595619.53;.00;595619.53"
"netsuite;vonderk;2026-07-20 14:23;1004;GO-1;;30/06/2025;;Asiento;Aprobado para contabilización;;Peso Argentino;1.00;4;-1062143.66;.00;1062143.66"
"netsuite;vonderk;2026-07-20 14:23;1005;GO-2;;30/06/2025;;Asiento;Aprobado para contabilización;;Peso Argentino;1.00;4;35134.75;.00;35134.75"
"netsuite;vonderk;2026-07-20 14:23;1005;GO-2;;30/06/2025;;Asiento;Aprobado para contabilización;;Peso Argentino;1.00;4;145686.42;.00;145686.42"
"netsuite;vonderk;2026-07-20 14:23;1005;GO-2;;30/06/2025;;Asiento;Aprobado para contabilización;;Peso Argentino;1.00;4;4484.08;.00;4484.08"
"netsuite;vonderk;2026-07-20 14:23;1005;GO-2;;30/06/2025;;Asiento;Aprobado para contabilización;;Peso Argentino;1.00;4;5916.40;.00;5916.40"
"netsuite;vonderk;2026-07-20 14:23;1005;GO-2;;30/06/2025;;Asiento;Aprobado para contabilización;;Peso Argentino;1.00;4;2000.00;.00;2000.00"
"netsuite;vonderk;2026-07-20 14:23;1005;GO-2;;30/06/2025;;Asiento;Aprobado para contabilización;;Peso Argentino;1.00;4;37702.90;.00;37702.90"
"netsuite;vonderk;2026-07-20 14:23;1005;GO-2;;30/06/2025;;Asiento;Aprobado para contabilización;;Peso Argentino;1.00;4;105865.72;.00;105865.72"
"netsuite;vonderk;2026-07-20 14:23;1005;GO-2;;30/06/2025;;Asiento;Aprobado para contabilización;;Peso Argentino;1.00;4;4860.36;.00;4860.36"
"netsuite;vonderk;2026-07-20 14:23;1005;GO-2;;30/06/2025;;Asiento;Aprobado para contabilización;;Peso Argentino;1.00;4;6371.83;.00;6371.83"
"netsuite;vonderk;2026-07-20 14:23;1005;GO-2;;30/06/2025;;Asiento;Aprobado para contabilización;;Peso Argentino;1.00;4;6600.07;.00;6600.07"
"netsuite;vonderk;2026-07-20 14:23;1005;GO-2;;30/06/2025;;Asiento;Aprobado para contabilización;;Peso Argentino;1.00;4;275410.64;.00;275410.64"
"netsuite;vonderk;2026-07-20 14:23;1005;GO-2;;30/06/2025;;Asiento;Aprobado para contabilización;;Peso Argentino;1.00;4;225.00;.00;225.00"
"netsuite;vonderk;2026-07-20 14:23;1005;GO-2;;30/06/2025;;Asiento;Aprobado para contabilización;;Peso Argentino;1.00;4;2523663.92;848372.53;1675291.39"
"netsuite;vonderk;2026-07-20 14:23;1005;GO-2;;30/06/2025;;Asiento;Aprobado para contabilización;;Peso Argentino;1.00;4;405.18;.00;405.18"
"netsuite;vonderk;2026-07-20 14:23;1005;GO-2;;30/06/2025;;Asiento;Aprobado para contabilización;;Peso Argentino;1.00;4;197.62;.00;197.62"
"netsuite;vonderk;2026-07-20 14:23;1005;GO-2;;30/06/2025;;Asiento;Aprobado para contabilización;;Peso Argentino;1.00;4;94.60;.00;94.60"
"netsuite;vonderk;2026-07-20 14:23;1005;GO-2;;30/06/2025;;Asiento;Aprobado para contabilización;;Peso Argentino;1.00;4;221.29;.00;221.29"
"netsuite;vonderk;2026-07-20 14:23;1005;GO-2;;30/06/2025;;Asiento;Aprobado para contabilización;;Peso Argentino;1.00;4;342.40;.00;342.40"
"netsuite;vonderk;2026-07-20 14:23;1005;GO-2;;30/06/2025;;Asiento;Aprobado para contabilización;;Peso Argentino;1.00;4;75.18;.00;75.18"
"netsuite;vonderk;2026-07-20 14:23;1005;GO-2;;30/06/2025;;Asiento;Aprobado para contabilización;;Peso Argentino;1.00;4;44.01;.00;44.01"
"netsuite;vonderk;2026-07-20 14:23;1005;GO-2;;30/06/2025;;Asiento;Aprobado para contabilización;;Peso Argentino;1.00;4;33.25;.00;33.25"
"netsuite;vonderk;2026-07-20 14:23;1005;GO-2;;30/06/2025;;Asiento;Aprobado para contabilización;;Peso Argentino;1.00;4;335743.18;.00;335743.18"
"netsuite;vonderk;2026-07-20 14:23;1005;GO-2;;30/06/2025;;Asiento;Aprobado para contabilización;;Peso Argentino;1.00;4;2351.24;.00;2351.24"
"netsuite;vonderk;2026-07-20 14:23;1005;GO-2;;30/06/2025;;Asiento;Aprobado para contabilización;;Peso Argentino;1.00;4;75.43;.00;75.43"
"netsuite;vonderk;2026-07-20 14:23;1005;GO-2;;30/06/2025;;Asiento;Aprobado para contabilización;;Peso Argentino;1.00;4;54797.48;.00;54797.48"
"netsuite;vonderk;2026-07-20 14:23;1005;GO-2;;30/06/2025;;Asiento;Aprobado para contabilización;;Peso Argentino;1.00;4;26155.54;.00;26155.54"
"netsuite;vonderk;2026-07-20 14:23;1005;GO-2;;30/06/2025;;Asiento;Aprobado para contabilización;;Peso Argentino;1.00;4;69.23;.00;69.23"
"netsuite;vonderk;2026-07-20 14:23;1005;GO-2;;30/06/2025;;Asiento;Aprobado para contabilización;;Peso Argentino;1.00;4;723534.08;.00;723534.08"
"netsuite;vonderk;2026-07-20 14:23;1005;GO-2;;30/06/2025;;Asiento;Aprobado para contabilización;;Peso Argentino;1.00;4;613.03;.00;613.03"
"netsuite;vonderk;2026-07-20 14:23;1005;GO-2;;30/06/2025;;Asiento;Aprobado para contabilización;;Peso Argentino;1.00;4;3344929.07;2854816.07;490113.00"
"netsuite;vonderk;2026-07-20 14:23;1005;GO-2;;30/06/2025;;Asiento;Aprobado para contabilización;;Peso Argentino;1.00;4;56.33;.00;56.33"
"netsuite;vonderk;2026-07-20 14:23;1005;GO-2;;30/06/2025;;Asiento;Aprobado para contabilización;;Peso Argentino;1.00;4;2318.36;.00;2318.36"
"netsuite;vonderk;2026-07-20 14:23;1005;GO-2;;30/06/2025;;Asiento;Aprobado para contabilización;;Peso Argentino;1.00;4;2666.11;.00;2666.11"
"netsuite;vonderk;2026-07-20 14:23;1005;GO-2;;30/06/2025;;Asiento;Aprobado para contabilización;;Peso Argentino;1.00;4;2826.08;.00;2826.08"
"netsuite;vonderk;2026-07-20 14:23;1005;GO-2;;30/06/2025;;Asiento;Aprobado para contabilización;;Peso Argentino;1.00;4;363915.63;.00;363915.63"
"netsuite;vonderk;2026-07-20 14:23;1005;GO-2;;30/06/2025;;Asiento;Aprobado para contabilización;;Peso Argentino;1.00;4;583332.50;.00;583332.50"
"netsuite;vonderk;2026-07-20 14:23;1005;GO-2;;30/06/2025;;Asiento;Aprobado para contabilización;;Peso Argentino;1.00;4;260.76;.00;260.76"
"netsuite;vonderk;2026-07-20 14:23;1005;GO-2;;30/06/2025;;Asiento;Aprobado para contabilización;;Peso Argentino;1.00;4;50.70;.00;50.70"
"netsuite;vonderk;2026-07-20 14:23;1005;GO-2;;30/06/2025;;Asiento;Aprobado para contabilización;;Peso Argentino;1.00;4;215477.67;.00;215477.67"
"netsuite;vonderk;2026-07-20 14:23;1005;GO-2;;30/06/2025;;Asiento;Aprobado para contabilización;;Peso Argentino;1.00;4;80000.36;.00;80000.36"
"netsuite;vonderk;2026-07-20 14:23;1005;GO-2;;30/06/2025;;Asiento;Aprobado para contabilización;;Peso Argentino;1.00;4;75000.34;.00;75000.34"
"netsuite;vonderk;2026-07-20 14:23;1005;GO-2;;30/06/2025;;Asiento;Aprobado para contabilización;;Peso Argentino;1.00;4;101037.19;.00;101037.19"
"netsuite;vonderk;2026-07-20 14:23;1005;GO-2;;30/06/2025;;Asiento;Aprobado para contabilización;;Peso Argentino;1.00;4;84848.25;.00;84848.25"
"netsuite;vonderk;2026-07-20 14:23;1005;GO-2;;30/06/2025;;Asiento;Aprobado para contabilización;;Peso Argentino;1.00;4;12533.24;.00;12533.24"
"netsuite;vonderk;2026-07-20 14:23;1005;GO-2;;30/06/2025;;Asiento;Aprobado para contabilización;;Peso Argentino;1.00;4;30524.04;.00;30524.04"
"netsuite;vonderk;2026-07-20 14:23;1005;GO-2;;30/06/2025;;Asiento;Aprobado para contabilización;;Peso Argentino;1.00;4;68135.37;.00;68135.37"
"netsuite;vonderk;2026-07-20 14:23;1005;GO-2;;30/06/2025;;Asiento;Aprobado para contabilización;;Peso Argentino;1.00;4;23905.08;.00;23905.08"
"netsuite;vonderk;2026-07-20 14:23;1005;GO-2;;30/06/2025;;Asiento;Aprobado para contabilización;;Peso Argentino;1.00;4;47031.49;.00;47031.49"
"netsuite;vonderk;2026-07-20 14:23;1005;GO-2;;30/06/2025;;Asiento;Aprobado para contabilización;;Peso Argentino;1.00;4;24502.50;.00;24502.50"
"netsuite;vonderk;2026-07-20 14:23;1005;GO-2;;30/06/2025;;Asiento;Aprobado para contabilización;;Peso Argentino;1.00;4;179725.17;.00;179725.17"
"netsuite;vonderk;2026-07-20 14:23;1005;GO-2;;30/06/2025;;Asiento;Aprobado para contabilización;;Peso Argentino;1.00;4;14596.59;.00;14596.59"
"netsuite;vonderk;2026-07-20 14:23;1005;GO-2;;30/06/2025;;Asiento;Aprobado para contabilización;;Peso Argentino;1.00;4;5846.72;.00;5846.72"
"netsuite;vonderk;2026-07-20 14:23;1005;GO-2;;30/06/2025;;Asiento;Aprobado para contabilización;;Peso Argentino;1.00;4;27950.00;.00;27950.00"
"netsuite;vonderk;2026-07-20 14:23;1005;GO-2;;30/06/2025;;Asiento;Aprobado para contabilización;;Peso Argentino;1.00;4;63.85;.00;63.85"
"netsuite;vonderk;2026-07-20 14:23;1005;GO-2;;30/06/2025;;Asiento;Aprobado para contabilización;;Peso Argentino;1.00;4;28798.00;.00;28798.00"
"netsuite;vonderk;2026-07-20 14:23;1006;GO-3;;30/06/2025;;Asiento;Aprobado para contabilización;;Peso Argentino;1.00;4;-2876.43;.00;2876.43"
"netsuite;vonderk;2026-07-20 14:23;1006;GO-3;;30/06/2025;;Asiento;Aprobado para contabilización;;Peso Argentino;1.00;4;-23371.75;.00;23371.75"
"netsuite;vonderk;2026-07-20 14:23;1006;GO-3;;30/06/2025;;Asiento;Aprobado para contabilización;;Peso Argentino;1.00;4;-89377.02;.00;89377.02"
"netsuite;vonderk;2026-07-20 14:23;1006;GO-3;;30/06/2025;;Asiento;Aprobado para contabilización;;Peso Argentino;1.00;4;-45183410.83;.00;45183410.83"
"netsuite;vonderk;2026-07-20 14:23;1207;TDS-2;;30/06/2025;;Asiento;Aprobado para contabilización;;Peso Argentino;1.00;6;34230.96;.00;34230.96"
"netsuite;vonderk;2026-07-20 14:23;1207;TDS-2;;30/06/2025;;Asiento;Aprobado para contabilización;;Peso Argentino;1.00;6;21539.00;.00;21539.00"
"netsuite;vonderk;2026-07-20 14:23;4531;MEX-1;;30/06/2025;;Asiento;Aprobado para contabilización;;Peso Argentino;1.00;11;-1929803.94;.00;1929803.94"
"netsuite;vonderk;2026-07-20 14:23;4538;TDS-6;;30/06/2025;;Asiento;Aprobado para contabilización;;Peso Argentino;1.00;6;181868899.67;.00;181868899.67"
"netsuite;vonderk;2026-07-20 14:23;4642;ME-5;;30/06/2025;;Asiento;Aprobado para contabilización;;Peso Argentino;1.00;3;14504527.36;.00;14504527.36"
"netsuite;vonderk;2026-07-20 14:23;42563;3;;30/06/2025;;Asiento;Aprobado para contabilización;;Peso Uruguayo;1.00;10;-13450.02;.00;13450.02"
"netsuite;vonderk;2026-07-20 14:23;42563;3;;30/06/2025;;Asiento;Aprobado para contabilización;;Peso Uruguayo;1.00;10;-11367506.90;.00;11367506.90"
"netsuite;vonderk;2026-07-20 14:23;42572;4;;30/06/2025;;Asiento;Aprobado para contabilización;;US Dollar;40.442;10;-332781.787;.00;332781.787"
"netsuite;vonderk;2026-07-20 14:23;69144;ME-105;;30/06/2025;;Asiento;Aprobado para contabilización;;Peso Argentino;1.00;3;16593674.84;.00;16593674.84"
"netsuite;vonderk;2026-07-20 14:23;171790;ME-241;;30/06/2025;;Asiento;Aprobado para contabilización;;Peso Argentino;1.00;3;41031656.16;.00;41031656.16"
"netsuite;vonderk;2026-07-20 14:23;171790;ME-241;;30/06/2025;;Asiento;Aprobado para contabilización;;Peso Argentino;1.00;3;3894381.94;.00;3894381.94"
"netsuite;vonderk;2026-07-20 14:23;171790;ME-241;;30/06/2025;;Asiento;Aprobado para contabilización;;Peso Argentino;1.00;3;-58839868.64;.00;58839868.64"
"netsuite;vonderk;2026-07-20 14:23;273271;;;30/06/2025;;Crédito de factura;;;US Dollar;40.205;10;-22519929.028;.00;22519929.028"
"netsuite;vonderk;2026-07-20 14:23;298229;ME-437;;30/06/2025;;Asiento;Aprobado para contabilización;;Peso Argentino;1.00;3;484000.00;.00;484000.00"
"netsuite;vonderk;2026-07-20 14:23;298229;ME-437;;30/06/2025;;Asiento;Aprobado para contabilización;;Peso Argentino;1.00;3;360296.10;.00;360296.10"
"netsuite;vonderk;2026-07-20 14:23;298229;ME-437;;30/06/2025;;Asiento;Aprobado para contabilización;;Peso Argentino;1.00;3;-33501.12;.00;33501.12"
"netsuite;vonderk;2026-07-20 14:23;344217;ASI_ME-516;;30/06/2025;;Asiento;Aprobado para contabilización;;Peso Argentino;1.00;3;58839868.64;.00;58839868.64"
"netsuite;vonderk;2026-07-20 14:23;405;FC A-00007-00037555;3815;19/06/2025;19/07/2025;Factura de venta;Abierta;PLAZO 30 DIAS;Peso Argentino;1.00;3;85184.96;37525.08;47659.88"
"netsuite;vonderk;2026-07-20 14:23;882;FC A-00011-00002527;4131;30/05/2025;06/06/2025;Factura de venta;Abierta;PLAZO 7 DIAS;Peso Argentino;1.00;4;88265834.23;87973013.70;292820.53"
"netsuite;vonderk;2026-07-20 14:23;644;250509000317CS;;27/05/2025;26/06/2025;Factura;Abierta;PLAZO 30 DIAS;US Dollar;1215.00;3;1907550.00;.00;1907550.00"
"netsuite;vonderk;2026-07-20 14:23;33271;1.756129704607E12;13343;27/05/2025;26/06/2025;Factura de venta;Abierta;Contado;US Dollar;40.442;10;15674022.252;15459114.395;214907.857"
"netsuite;vonderk;2026-07-20 14:23;646;25052000322dmx;;18/05/2025;17/06/2025;Factura;Abierta;PLAZO 30 DIAS;US Dollar;1215.00;3;2624071.95;.00;2624071.95"
"netsuite;vonderk;2026-07-20 14:23;36;FC A-00007-00036112;3815;02/05/2025;01/06/2025;Factura de venta;Abierta;PLAZO 30 DIAS;Peso Argentino;1.00;3;9027.64;.00;9027.64"
"netsuite;vonderk;2026-07-20 14:23;638;250314000299ok;;24/04/2025;24/05/2025;Factura;Abierta;PLAZO 30 DIAS;US Dollar;1215.00;3;878080.50;489863.70;388216.80"
"netsuite;vonderk;2026-07-20 14:23;1116;FC E-00006-00000043;13353;15/04/2025;16/04/2025;Factura de venta;Abierta;Contado;US Dollar;1165.00;6;75725.00;.00;75725.00"
"netsuite;vonderk;2026-07-20 14:23;900;0000100007125;;14/04/2025;14/05/2025;Factura;Abierta;PLAZO 30 DIAS;US Dollar;1215.00;4;7876213.20;.00;7876213.20"
"netsuite;vonderk;2026-07-20 14:23;881;FC A-00011-00002486;4132;09/04/2025;09/05/2025;Factura de venta;Abierta;PLAZO 7 DIAS;Peso Argentino;1.00;4;335518.48;.00;335518.48"
"netsuite;vonderk;2026-07-20 14:23;1114;FC E-00006-00000041;13353;27/03/2025;28/03/2025;Factura de venta;Abierta;Contado;US Dollar;1165.00;6;69900.00;.00;69900.00"
"netsuite;vonderk;2026-07-20 14:23;1115;FC E-00006-00000042;13353;27/03/2025;28/03/2025;Factura de venta;Abierta;Contado;US Dollar;1165.00;6;93200.00;.00;93200.00"
"netsuite;vonderk;2026-07-20 14:23;902;200241216;;16/12/2024;15/01/2025;Factura;Abierta;PLAZO 30 DIAS;US Dollar;1215.00;4;117290025.00;.00;117290025.00"
"netsuite;vonderk;2026-07-20 14:23;33270;1.756129744019E12;13349;02/12/2024;01/01/2025;Factura de venta;Abierta;Contado;US Dollar;40.442;10;104022.08;.00;104022.08"
"netsuite;vonderk;2026-07-20 14:23;897;AVK240126KUSC4;;15/11/2024;15/12/2024;Factura;Abierta;PLAZO 30 DIAS;US Dollar;1215.00;4;364500000.00;.00;364500000.00"
"netsuite;vonderk;2026-07-20 14:23;1135;AVK240127KUSC6;;15/11/2024;15/12/2024;Factura;Abierta;PLAZO 30 DIAS;US Dollar;1215.00;6;456232500.00;52974000.00;403258500.00"
"netsuite;vonderk;2026-07-20 14:23;623;241120000246UH;;13/11/2024;13/12/2024;Factura;Abierta;PLAZO 30 DIAS;US Dollar;1215.00;3;43953840.00;38161935.00;5791905.00"
"netsuite;vonderk;2026-07-20 14:23;4505;B9999900000974;13353;26/09/2024;28/09/2024;Factura de venta;Abierta;Contado;Peso Argentino;1.00;11;132208.65;.00;132208.65"
"netsuite;vonderk;2026-07-20 14:23;875;FC A-00011-00002318;13622;19/08/2024;26/08/2024;Factura de venta;Abierta;PLAZO 30 DIAS;Peso Argentino;1.00;4;3155588.38;.00;3155588.38"
"netsuite;vonderk;2026-07-20 14:23;690;A0242405171683;;23/07/2024;22/08/2024;Factura;Abierta;PLAZO 30 DIAS;US Dollar;1215.00;3;6817790.25;3355368.30;3462421.95"
"netsuite;vonderk;2026-07-20 14:23;892;24070700001kdc;;16/07/2024;15/08/2024;Factura;Abierta;PLAZO 30 DIAS;US Dollar;1215.00;4;100343836.80;.00;100343836.80"
"netsuite;vonderk;2026-07-20 14:23;898;SCL240714001KY;;16/07/2024;15/08/2024;Factura;Abierta;PLAZO 30 DIAS;US Dollar;1215.00;4;6257250.00;.00;6257250.00"
"netsuite;vonderk;2026-07-20 14:23;899;SCL240716001KY;;16/07/2024;15/08/2024;Factura;Abierta;PLAZO 30 DIAS;US Dollar;1215.00;4;92255557.50;.00;92255557.50"
"netsuite;vonderk;2026-07-20 14:23;1113;FC E-00006-00000032;13353;20/05/2024;21/05/2024;Factura de venta;Abierta;Contado;US Dollar;1165.00;6;5414349.15;.00;5414349.15"
"netsuite;vonderk;2026-07-20 14:23;1112;FC B-00002-00000180;13624;04/04/2024;05/04/2024;Factura de venta;Abierta;PLAZO 30 DIAS;Peso Argentino;1.00;6;822800.00;.00;822800.00"
"netsuite;vonderk;2026-07-20 14:23;893;A0000124010410;;01/02/2024;02/03/2024;Factura;Abierta;PLAZO 30 DIAS;US Dollar;1215.00;4;12210750.00;.00;12210750.00"
"netsuite;vonderk;2026-07-20 14:23;1126;FC A-00003-00000499;;03/04/2023;03/05/2023;Factura;Abierta;PLAZO 30 DIAS;Peso Argentino;1.00;6;477142.68;.00;477142.68"
"netsuite;vonderk;2026-07-20 14:23;1127;FC A-00003-00000501;;03/04/2023;03/05/2023;Factura;Abierta;PLAZO 30 DIAS;Peso Argentino;1.00;6;142296.00;.00;142296.00"
"netsuite;vonderk;2026-07-20 14:23;1124;FC A-00003-00000495;;30/03/2023;29/04/2023;Factura;Abierta;PLAZO 30 DIAS;Peso Argentino;1.00;6;439676.76;.00;439676.76"
"netsuite;vonderk;2026-07-20 14:23;1125;FC A-00003-00000496;;30/03/2023;29/04/2023;Factura;Abierta;PLAZO 30 DIAS;Peso Argentino;1.00;6;715253.12;.00;715253.12"
"netsuite;vonderk;2026-07-20 14:23;1121;FC A-00003-00000491;;21/03/2023;20/04/2023;Factura;Abierta;PLAZO 30 DIAS;Peso Argentino;1.00;6;29596.61;.00;29596.61"
"netsuite;vonderk;2026-07-20 14:23;1122;FC A-00003-00000492;;21/03/2023;20/04/2023;Factura;Abierta;PLAZO 30 DIAS;Peso Argentino;1.00;6;27103.41;.00;27103.41"
"netsuite;vonderk;2026-07-20 14:23;1123;FC A-00003-00000493;;21/03/2023;20/04/2023;Factura;Abierta;PLAZO 30 DIAS;Peso Argentino;1.00;6;121256.57;.00;121256.57"
"netsuite;vonderk;2026-07-20 14:23;1120;FC A-00003-00000486;;02/03/2023;01/04/2023;Factura;Abierta;PLAZO 30 DIAS;Peso Argentino;1.00;6;3650947.88;.00;3650947.88"
"netsuite;vonderk;2026-07-20 14:23;895;A0202300230217;;23/02/2023;25/03/2023;Factura;Abierta;PLAZO 30 DIAS;US Dollar;1215.00;4;6147900.00;.00;6147900.00"
"netsuite;vonderk;2026-07-20 14:23;1134;A0202300230216;;16/02/2023;18/03/2023;Factura;Abierta;PLAZO 30 DIAS;US Dollar;1215.00;6;500142.60;.00;500142.60"
"netsuite;vonderk;2026-07-20 14:23;884;FC B-00011-00000030;4146;17/01/2023;16/02/2023;Factura de venta;Abierta;PLAZO 7 DIAS;Peso Argentino;1.00;4;2785018.61;.00;2785018.61"
"netsuite;vonderk;2026-07-20 14:23;1131;A0202200220805;;05/12/2022;04/01/2023;Factura;Abierta;PLAZO 30 DIAS;US Dollar;1215.00;6;78367500.00;.00;78367500.00"
"netsuite;vonderk;2026-07-20 14:23;894;A02022220919LN;;19/09/2022;19/10/2022;Factura;Abierta;PLAZO 30 DIAS;US Dollar;1215.00;4;6366600.00;.00;6366600.00"
"netsuite;vonderk;2026-07-20 14:23;896;0000100003500;;14/09/2022;14/10/2022;Factura;Abierta;PLAZO 30 DIAS;US Dollar;1215.00;4;174038191.65;.00;174038191.65"
"netsuite;vonderk;2026-07-20 14:23;1130;A0202200220714;;14/07/2022;13/08/2022;Factura;Abierta;PLAZO 30 DIAS;US Dollar;1215.00;6;3645000.00;.00;3645000.00"
"netsuite;vonderk;2026-07-20 14:23;1133;A02022220711KU;;11/07/2022;10/08/2022;Factura;Abierta;PLAZO 30 DIAS;US Dollar;1215.00;6;3645000.00;.00;3645000.00"
"netsuite;vonderk;2026-07-20 14:23;1139;VK22070002KU-T;;02/07/2022;01/08/2022;Factura;Abierta;PLAZO 30 DIAS;US Dollar;1215.00;6;3280500.00;.00;3280500.00"
"netsuite;vonderk;2026-07-20 14:23;1138;VK22070001KU-T;;01/07/2022;31/07/2022;Factura;Abierta;PLAZO 30 DIAS;US Dollar;1215.00;6;3280500.00;.00;3280500.00"
"netsuite;vonderk;2026-07-20 14:23;901;VK19060029RS38;;30/06/2022;30/07/2022;Factura;Abierta;PLAZO 30 DIAS;US Dollar;1215.00;4;16524000.00;.00;16524000.00"
"netsuite;vonderk;2026-07-20 14:23;1137;VK22060030KU-T;;30/06/2022;30/07/2022;Factura;Abierta;PLAZO 30 DIAS;US Dollar;1215.00;6;3280500.00;.00;3280500.00"
"netsuite;vonderk;2026-07-20 14:23;1132;A02022220625OK;;25/06/2022;25/07/2022;Factura;Abierta;PLAZO 30 DIAS;US Dollar;1215.00;6;5163750.00;.00;5163750.00"
"netsuite;vonderk;2026-07-20 14:23;1136;VK22060024KU-T;;24/06/2022;24/07/2022;Factura;Abierta;PLAZO 30 DIAS;US Dollar;1215.00;6;3280500.00;.00;3280500.00"
